안전표지일련번호,도로종류,도로노선번호,도로노선명,도로노선방향,도로형태,차로수,도로폭,소재지도로명주소,소재지지번주소,위도,경도,안전표지구분,안전표지종별일련번호,주행제한속도,안전표지설명,지주형식,제2외국어표기여부,설치일자,관리기관명,관리기관전화번호,데이터기준일자
,시도,,성남대로,1,2,,,,경기도 성남시 분당구 야탑동 487-1,37.415879,127.128769,3,311,,유턴표지,2,,,경기도 성남시청,031-729-3675,2025-12-26
,시도,,성남대로,1,2,,,,경기도 성남시 분당구 야탑동 359-3,37.413071,127.128481,3,311,,유턴표지,2,,,경기도 성남시청,031-729-3675,2025-12-26
,시도,,성남대로,1,2,,,,경기도 성남시 분당구 야탑동 341,37.413089,127.127282,3,311,,유턴표지,2,,,경기도 성남시청,031-729-3675,2025-12-26
,시도,,성남대로,1,2,,,,경기도 성남시 분당구 야탑동 540-1,37.408772,127.128389,3,311,,유턴표지,2,,,경기도 성남시청,031-729-3675,2025-12-26
,시도,,성남대로,1,2,,,,경기도 성남시 분당구 이매동 127-3,37.400835,127.128194,3,311,,유턴표지,2,,,경기도 성남시청,031-729-3675,2025-12-26
,시도,,성남대로,1,2,,,,경기도 성남시 분당구 이매동 127-7,37.392361,127.127945,3,311,,유턴표지,2,,,경기도 성남시청,031-729-3675,2025-12-26
,시도,,성남대로,1,2,,,,경기도 성남시 분당구 서현동 266-1,37.383028,127.121482,3,311,,유턴표지,2,,,경기도 성남시청,031-729-3675,2025-12-26
,시도,,성남대로,1,2,,,,경기도 성남시 분당구 수내동 66,37.376234,127.121344,3,309,,직진및좌회전표지,2,,,경기도 성남시청,031-729-3675,2025-12-26
,시도,,성남대로,1,2,,,,경기도 성남시 분당구 정자동 79-1,37.373914,127.110574,3,311,,유턴표지,2,,,경기도 성남시청,031-729-3675,2025-12-26
,시도,,성남대로,1,2,,,,경기도 성남시 분당구 정자동 79-1,37.373914,127.110574,2,224,,최고속도제한표지,2,,,경기도 성남시청,031-729-3675,2025-12-26
,시도,,성남대로,1,2,,,,경기도 성남시 분당구 정자동 95-1,37.366183645,127.1080629275,4,430,,직진후직좌표지,2,,,경기도 성남시청,031-729-3675,2025-12-26
,시도,,성남대로,1,2,,,,경기도 성남시 분당구 정자동 17-2,37.368175,127.107223,3,311,,유턴표지,2,,,경기도 성남시청,031-729-3675,2025-12-26
,시도,,성남대로,1,2,,,,경기도 성남시 분당구 정자동 95-1,37.366183645,127.1080629275,4,431,,보행자보호표지,2,,,경기도 성남시청,031-729-3675,2025-12-26
,시도,,성남대로,1,2,,,,경기도 성남시 분당구 정자동 168-1,37.362505,127.107527,3,311,,유턴표지,2,,,경기도 성남시청,031-729-3675,2025-12-26
,시도,,성남대로,1,2,,,,경기도 성남시 분당구 정자동 169-1,37.360852,127.107616,3,311,,유턴표지,2,,,경기도 성남시청,031-729-3675,2025-12-26
,시도,,성남대로,1,2,,,,경기도 성남시 분당구 금곡동 127,37.355536,127.109027,3,311,,유턴표지,2,,,경기도 성남시청,031-729-3675,2025-12-26
,시도,,성남대로,1,2,,,,경기도 성남시 분당구 금곡동 129,37.354241,127.109196,3,311,,유턴표지,2,,,경기도 성남시청,031-729-3675,2025-12-26
,시도,,성남대로,1,2,,,,경기도 성남시 분당구 구미동 9-1,37.349285,127.108276,2,224,,최고속도제한표지,2,,,경기도 성남시청,031-729-3675,2025-12-26
,시도,,성남대로,1,2,,,,경기도 성남시 분당구 구미동 21-3,37.346586,127.109228,3,311,,유턴표지,2,,,경기도 성남시청,031-729-3675,2025-12-26
,시도,,성남대로,1,2,,,,경기도 성남시 분당구 구미동 149-3,37.343979,127.109242,2,224,,최고속도제한표지,2,,,경기도 성남시청,031-729-3675,2025-12-26
,시도,,성남대로,1,2,,,,경기도 성남시 분당구 구미동 173-3,37.342856,127.106947,2,224,,최고속도제한표지,2,,,경기도 성남시청,031-729-3675,2025-12-26
,시도,,성남대로,1,2,,,,경기도 성남시 분당구 구미동 154,37.341327,127.108066,3,311,,유턴표지,2,,,경기도 성남시청,031-729-3675,2025-12-26
,시도,,성남대로,1,2,,,,경기도 성남시 분당구 구미동 174-1,37.339419,127.108706,2,224,,최고속도제한표지,2,,,경기도 성남시청,031-729-3675,2025-12-26
,시도,,돌마로,1,2,,,,경기도 성남시 분당구 야탑동 327-1,37.415501,127.137441,3,309,,직진및좌회전표지,2,,,경기도 성남시청,031-729-3675,2025-12-26
,시도,,돌마로,1,2,,,,경기도 성남시 분당구 야탑동 211,37.413191,127.140995,3,311,,유턴표지,2,,,경기도 성남시청,031-729-3675,2025-12-26
,시도,,돌마로,1,2,,,,경기도 성남시 분당구 야탑동 264-4,37.40898,127.143245,3,311,,유턴표지,2,,,경기도 성남시청,031-729-3675,2025-12-26
,시도,,돌마로,1,2,,,,경기도 성남시 분당구 야탑동 168-1,37.407488,127.142199,2,224,,최고속도제한표지,2,,,경기도 성남시청,031-729-3675,2025-12-26
,시도,,돌마로,1,2,,,,경기도 성남시 분당구 서현동 107-2,37.382217,127.137875,3,311,,유턴표지,2,,,경기도 성남시청,031-729-3675,2025-12-26
,시도,,돌마로,1,2,,,,경기도 성남시 분당구 서현동 346-2,37.378596,127.136649,3,309,,직진및좌회전표지,2,,,경기도 성남시청,031-729-3675,2025-12-26
,시도,,돌마로,1,2,,,,경기도 성남시 분당구 서현동 298-3,37.376982,127.133406,3,326,,일방통행표지,2,,,경기도 성남시청,031-729-3675,2025-12-26
,시도,,돌마로,1,2,,,,경기도 성남시 분당구 분당동 58-1,37.374442,127.129517,2,224,,최고속도제한표지,2,,,경기도 성남시청,031-729-3675,2025-12-26
,시도,,돌마로,1,2,,,,경기도 성남시 분당구 수내동 66,37.376234,127.121344,3,309,,직진및좌회전표지,2,,,경기도 성남시청,031-729-3675,2025-12-26
,시도,,돌마로,1,2,,,,경기도 성남시 분당구 수내동 124-1,37.369102,127.122001,3,326,,일방통행표지,2,,,경기도 성남시청,031-729-3675,2025-12-26
,시도,,돌마로,1,2,,,,경기도 성남시 분당구 수내동 68-2,37.369386,127.121671,3,311,,유턴표지,2,,,경기도 성남시청,031-729-3675,2025-12-26
,시도,,돌마로,1,2,,,,경기도 성남시 분당구 정자동 255-1,37.362359,127.119353,3,311,,유턴표지,2,,,경기도 성남시청,031-729-3675,2025-12-26
,시도,,돌마로,1,2,,,,경기도 성남시 분당구 정자동 255-3,37.360043,127.119349,2,224,,최고속도제한표지,2,,,경기도 성남시청,031-729-3675,2025-12-26
,시도,,돌마로,1,2,,,,경기도 성남시 분당구 정자동 217-1,37.353909,127.118815,4,430,,직진후좌회전표지,2,,,경기도 성남시청,031-729-3675,2025-12-26
,시도,,돌마로,1,2,,,,경기도 성남시 분당구 금곡동 138,37.352824,127.116437,2,224,,최고속도제한표지,2,,,경기도 성남시청,031-729-3675,2025-12-26
,시도,,돌마로,1,2,,,,경기도 성남시 분당구 금곡동 139,37.351707,127.115456,3,311,,유턴표지,2,,,경기도 성남시청,031-729-3675,2025-12-26
,시도,,돌마로,1,2,,,,경기도 성남시 분당구 구미동 69,37.350259,127.114797,3,311,,유턴표지,2,,,경기도 성남시청,031-729-3675,2025-12-26
,시도,,돌마로,1,2,,,,경기도 성남시 분당구 구미동 19,37.346658,127.106299,3,309,,직진및좌회전표지,2,,,경기도 성남시청,031-729-3675,2025-12-26
,시도,,돌마로,1,2,,,,경기도 성남시 분당구 구미동 173-8,37.346756,127.103766,2,224,,최고속도제한표지,2,,,경기도 성남시청,031-729-3675,2025-12-26
,시도,,분당수서로,1,2,,,,경기도 성남시 분당구 정자동 6-3,37.373327,127.105326,2,216,,유턴금지표지,2,,,경기도 성남시청,031-729-3675,2025-12-26
,시도,,분당수서로,1,2,,,,경기도 성남시 분당구 정자동 162-1,37.36294,127.105032,3,311,,유턴표지,2,,,경기도 성남시청,031-729-3675,2025-12-26
,시도,,분당수서로,1,2,,,,경기도 성남시 분당구 정자동 178-1,37.359518,127.105208,2,216,,유턴금지표지,2,,,경기도 성남시청,031-729-3675,2025-12-26
,시도,,분당수서로,1,2,,,,경기도 성남시 분당구 구미동 173-6,37.342528,127.103968,2,224,,최고속도제한표지,2,,,경기도 성남시청,031-729-3675,2025-12-26
,시도,,분당수서로,1,2,,,,경기도 성남시 분당구 구미동 173-1,37.340596,127.103986,2,224,,최고속도제한표지,2,,,경기도 성남시청,031-729-3675,2025-12-26
,시도,,분당수서로,1,2,,,,경기도 성남시 분당구 구미동 174,37.338766,127.106677,2,224,,최고속도제한표지,2,,,경기도 성남시청,031-729-3675,2025-12-26
,시도,,분당수서로,1,2,,,,경기도 성남시 분당구 구미동 173-11,37.336954,127.107033,2,224,,최고속도제한표지,2,,,경기도 성남시청,031-729-3675,2025-12-26
,시도,,양현로,1,2,,,,경기도 성남시 분당구 야탑동 327-5,37.41411,127.142027,3,311,,유턴표지,2,,,경기도 성남시청,031-729-3675,2025-12-26
,시도,,양현로,1,2,,,,경기도 성남시 분당구 야탑동 207,37.415425,127.138017,2,224,,최고속도제한표지,2,,,경기도 성남시청,031-729-3675,2025-12-26
,시도,,양현로,1,2,,,,경기도 성남시 분당구 야탑동 201,37.416272,127.134657,2,214,,좌회전금지표지표지,2,,,경기도 성남시청,031-729-3675,2025-12-26
,시도,,양현로,1,2,,,,경기도 성남시 분당구 야탑동 327-1,37.415501,127.137441,3,311,,유턴표지,2,,,경기도 성남시청,031-729-3675,2025-12-26
,시도,,양현로,1,2,,,,경기도 성남시 분당구 야탑동 336,37.416128,127.131236,3,329,,비보호좌회전표지표지,2,,,경기도 성남시청,031-729-3675,2025-12-26
,시도,,양현로,1,2,,,,경기도 성남시 분당구 야탑동 487-2,37.415694,127.122595,3,322,,횡단보도표지,2,,,경기도 성남시청,031-729-3675,2025-12-26
,시도,,양현로,1,2,,,,경기도 성남시 분당구 야탑동 330,37.415224,127.124358,3,322,,횡단보도표지,2,,,경기도 성남시청,031-729-3675,2025-12-26
,시도,,양현로,1,2,,,,경기도 성남시 분당구 야탑동 344-1,37.413196,127.123288,4,430,,직진후좌회전표지,2,,,경기도 성남시청,031-729-3675,2025-12-26
,시도,,양현로,1,1,,,,경기도 성남시 분당구 야탑동 531,37.407326,127.126613,3,322,,횡단보도표지,2,,,경기도 성남시청,031-729-3675,2025-12-26
,시도,,양현로,1,2,,,,경기도 성남시 분당구 이매동 102,37.40193,127.12607,3,329,,비보호좌회전표지,2,,,경기도 성남시청,031-729-3675,2025-12-26
,시도,,양현로,1,2,,,,경기도 성남시 분당구 이매동 129-10,37.40104,127.125265,3,311,,유턴표지,2,,,경기도 성남시청,031-729-3675,2025-12-26
,시도,,양현로,1,1,,,,경기도 성남시 분당구 이매동 112,37.39721,127.126493,3,329,,비보호좌회전표지,2,,,경기도 성남시청,031-729-3675,2025-12-26
,시도,,양현로,1,2,,,,경기도 성남시 분당구 이매동 116,37.393807,127.125845,3,309,,직진및좌회전표지,2,,,경기도 성남시청,031-729-3675,2025-12-26
,시도,,양현로,1,1,,,,경기도 성남시 분당구 이매동 118,37.393154,127.125984,1,140,,위험표지,2,,,경기도 성남시청,031-729-3675,2025-12-26
,시도,,양현로,1,2,,,,경기도 성남시 분당구 이매동 119,37.392346,127.124986,3,311,,유턴표지,2,,,경기도 성남시청,031-729-3675,2025-12-26
,시도,,양현로,1,2,,,,경기도 성남시 분당구 서현동 259-3,37.387224,127.1205,3,329,,비보호좌회전표지,2,,,경기도 성남시청,031-729-3675,2025-12-26
,시도,,서현로,1,2,,,,경기도 성남시 분당구 이매동 149-2,37.391351,127.120899,3,311,,유턴표지,2,,,경기도 성남시청,031-729-3675,2025-12-26
,시도,,서현로,1,2,,,,경기도 성남시 분당구 이매동 127-10,37.389535,127.123507,2,224,,최고속도제한표지,2,,,경기도 성남시청,031-729-3675,2025-12-26
,시도,,서현로,1,2,,,,경기도 성남시 분당구 이매동 127-9,37.388319,127.124899,2,224,,최고속도제한표지,2,,,경기도 성남시청,031-729-3675,2025-12-26
,시도,,서현로,1,2,,,,경기도 성남시 분당구 이매동 127-8,37.388712,127.127744,2,224,,최고속도제한표지,2,,,경기도 성남시청,031-729-3675,2025-12-26
,시도,,서현로,1,2,,,,경기도 성남시 분당구 서현동 99-1,37.383902,127.131278,2,224,,최고속도제한표지,2,,,경기도 성남시청,031-729-3675,2025-12-26
,시도,,서현로,1,2,,,,경기도 성남시 분당구 서현동 283-1,37.384296,127.128664,3,311,,유턴표지,2,,,경기도 성남시청,031-729-3675,2025-12-26
,시도,,서현로,1,1,,,,경기도 성남시 분당구 서현동 96-1,37.380755,127.13353,3,322,,횡단보도표지,2,,,경기도 성남시청,031-729-3675,2025-12-26
,시도,,서현로,1,2,,,,경기도 성남시 분당구 서현동 346-3,37.377022,127.138411,3,311,,유턴표지,2,,,경기도 성남시청,031-729-3675,2025-12-26
,시도,,서현로,1,2,,,,경기도 성남시 분당구 서현동 345-2,37.374658,127.141369,2,224,,최고속도제한표지,2,,,경기도 성남시청,031-729-3675,2025-12-26
,시도,,서현로,1,2,,,,경기도 성남시 분당구 분당동 114,37.371421,127.146686,3,309,,직진및좌회전표지,2,,,경기도 성남시청,031-729-3675,2025-12-26
,시도,,서현로,1,1,,,,경기도 성남시 분당구 분당동 195-1,37.370249,127.147535,3,322,,횡단보도표지,2,,,경기도 성남시청,031-729-3675,2025-12-26
,시도,,서현로,1,2,,,,경기도 성남시 분당구 분당동 132,37.369519,127.147876,3,311,,유턴표지,2,,,경기도 성남시청,031-729-3675,2025-12-26
,시도,,분당로,1,2,,,,경기도 성남시 분당구 이매동 143,37.393458,127.121648,3,309,,직진및좌회전표지,2,,,경기도 성남시청,031-729-3675,2025-12-26
,시도,,분당로,1,2,,,,경기도 성남시 분당구 서현동 277,37.385327,127.118893,2,224,,최고속도제한표지,2,,,경기도 성남시청,031-729-3675,2025-12-26
,시도,,분당로,1,2,,,,경기도 성남시 분당구 서현동 267-3,37.384037,127.120268,3,309,,직진및좌회전표지,2,,,경기도 성남시청,031-729-3675,2025-12-26
,시도,,분당로,1,1,,,,경기도 성남시 분당구 서현동 266-2,37.383028,127.121482,2,218,,주정차금지표지,2,,,경기도 성남시청,031-729-3675,2025-12-26
,시도,,분당로,1,2,,,,경기도 성남시 분당구 서현동 289-2,37.377317,127.133373,3,311,,유턴표지,2,,,경기도 성남시청,031-729-3675,2025-12-26
,시도,,분당로,1,1,,,,경기도 성남시 분당구 분당동 36,37.373689,127.131262,3,322,,횡단보도표지,2,,,경기도 성남시청,031-729-3675,2025-12-26
,시도,,분당로,1,2,,,,경기도 성남시 분당구 서현동 301,37.373814,127.133281,2,224,,최고속도제한표지,2,,,경기도 성남시청,031-729-3675,2025-12-26
,시도,,분당로,1,2,,,,경기도 성남시 분당구 분당동 72,37.369412,127.138148,3,311,,유턴표지,2,,,경기도 성남시청,031-729-3675,2025-12-26
,시도,,분당로,1,2,,,,경기도 성남시 분당구 분당동 195-7,37.367487,127.140847,3,311,,유턴표지,2,,,경기도 성남시청,031-729-3675,2025-12-26
,시도,,분당로,1,2,,,,경기도 성남시 분당구 분당동 173-1,37.366073,127.142124,2,224,,최고속도제한표지,2,,,경기도 성남시청,031-729-3675,2025-12-26
,시도,,분당로,1,2,,,,경기도 성남시 분당구 분당동 192-3,37.367114,127.145571,3,329,,비보호좌회전표지,2,,,경기도 성남시청,031-729-3675,2025-12-26
,시도,,수내로,1,2,,,,경기도 성남시 분당구 수내동 45,37.384959,127.115374,2,224,,최고속도제한표지,2,,,경기도 성남시청,031-729-3675,2025-12-26
,시도,,수내로,1,2,,,,경기도 성남시 분당구 수내동 4-1,37.381301,127.116506,3,311,,유턴표지,2,,,경기도 성남시청,031-729-3675,2025-12-26
,시도,,수내로,1,1,,,,경기도 성남시 분당구 수내동 4-4,37.380769,127.117142,3,322,,횡단보도표지,2,,,경기도 성남시청,031-729-3675,2025-12-26
,시도,,수내로,1,2,,,,경기도 성남시 분당구 수내동 51,37.373513,127.121823,2,224,,최고속도제한표지,2,,,경기도 성남시청,031-729-3675,2025-12-26
,시도,,수내로,1,1,,,,경기도 성남시 분당구 수내동 78,37.370989,127.12619,3,322,,횡단보도표지,2,,,경기도 성남시청,031-729-3675,2025-12-26
,시도,,불정로,1,2,,,,경기도 성남시 분당구 서현동 306-2,37.373978,127.136853,3,326,,일방통행표지,2,,,경기도 성남시청,031-729-3675,2025-12-26
,시도,,불정로,1,2,,,,경기도 성남시 분당구 서현동 301,37.373814,127.133281,3,329,,비보호좌회전표지,2,,,경기도 성남시청,031-729-3675,2025-12-26
,시도,,불정로,1,2,,,,경기도 성남시 분당구 분당동 45,37.371367,127.13357,2,224,,최고속도제한표지,2,,,경기도 성남시청,031-729-3675,2025-12-26
,시도,,불정로,1,2,,,,경기도 성남시 분당구 분당동 39,37.371468,127.129754,2,224,,최고속도제한표지,2,,,경기도 성남시청,031-729-3675,2025-12-26
,시도,,불정로,1,1,,,,경기도 성남시 분당구 수내동 86,37.367689,127.128194,3,329,,비보호좌회전표지,2,,,경기도 성남시청,031-729-3675,2025-12-26
,시도,,불정로,1,2,,,,경기도 성남시 분당구 수내동 83-1,37.367179,127.126748,3,329,,비보호좌회전표지,2,,,경기도 성남시청,031-729-3675,2025-12-26
,시도,,불정로,1,2,,,,경기도 성남시 분당구 수내동 85,37.366758,127.126269,2,214,,좌회전금지표지,2,,,경기도 성남시청,031-729-3675,2025-12-26
,시도,,불정로,1,2,,,,경기도 성남시 분당구 수내동 99,37.364608,127.124798,2,224,,최고속도제한표지,2,,,경기도 성남시청,031-729-3675,2025-12-26
,시도,,불정로,1,2,,,,경기도 성남시 분당구 정자동 110,37.364696,127.12334,2,226,,서행표지,2,,,경기도 성남시청,031-729-3675,2025-12-26
,시도,,불정로,1,2,,,,경기도 성남시 분당구 정자동 110,37.364696,127.12334,3,311,,유턴표지,2,,,경기도 성남시청,031-729-3675,2025-12-26
,시도,,불정로,1,2,,,,경기도 성남시 분당구 정자동 198,37.362549,127.121557,3,329,,비보호좌회전표지,2,,,경기도 성남시청,031-729-3675,2025-12-26
,시도,,불정로,1,2,,,,경기도 성남시 분당구 정자동 199,37.360359,127.121111,3,329,,비보호좌회전표지,2,,,경기도 성남시청,031-729-3675,2025-12-26
,시도,,불정로,1,2,,,,경기도 성남시 분당구 정자동 219-4,37.359293,127.122726,3,329,,비보호좌회전표지,2,,,경기도 성남시청,031-729-3675,2025-12-26
,시도,,불정로,1,2,,,,경기도 성남시 분당구 정자동 200,37.359527,127.120613,2,226,,서행표지,2,,,경기도 성남시청,031-729-3675,2025-12-26
,시도,,불정로,1,2,,,,경기도 성남시 분당구 정자동 205,37.359496,127.111735,3,329,,비보호좌회전표지,2,,,경기도 성남시청,031-729-3675,2025-12-26
,시도,,내정로,1,2,,,,경기도 성남시 분당구 수내동 28-1,37.374099,127.11945,3,326,,일방통행표지,2,,,경기도 성남시청,031-729-3675,2025-12-26
,시도,,내정로,1,2,,,,경기도 성남시 분당구 수내동 27,37.373475,127.118598,3,329,,비보호좌회전표지,2,,,경기도 성남시청,031-729-3675,2025-12-26
,시도,,내정로,1,2,,,,경기도 성남시 분당구 정자동 79-11,37.371931,127.115866,2,224,,최고속도제한표지,2,,,경기도 성남시청,031-729-3675,2025-12-26
,시도,,내정로,1,2,,,,경기도 성남시 분당구 정자동 101,37.367389,127.115509,2,224,,최고속도제한표지,2,,,경기도 성남시청,031-729-3675,2025-12-26
,시도,,내정로,1,2,,,,경기도 성남시 분당구 정자동 90,37.368171,127.110392,3,329,,비보호좌회전표지,2,,,경기도 성남시청,031-729-3675,2025-12-26
,시도,,내정로,1,2,,,,경기도 성남시 분당구 정자동 117-1,37.365387,127.115196,2,216,,유턴금지표지,2,,,경기도 성남시청,031-729-3675,2025-12-26
,시도,,내정로,1,2,,,,경기도 성남시 분당구 정자동 117,37.363852,127.116154,3,311,,유턴표지,2,,,경기도 성남시청,031-729-3675,2025-12-26
,시도,,내정로,1,2,,,,경기도 성남시 분당구 정자동 132-1,37.361548,127.114516,3,311,,유턴표지,2,,,경기도 성남시청,031-729-3675,2025-12-26
,시도,,내정로,1,2,,,,경기도 성남시 분당구 정자동 194,37.36085,127.115906,3,311,,유턴표지,2,,,경기도 성남시청,031-729-3675,2025-12-26
,시도,,탄천로,1,1,,,,경기도 성남시 분당구 야탑동 403,37.414823,127.11856,1,132,,횡단보도주의표지,2,,,경기도 성남시청,031-729-3675,2025-12-26
,시도,,탄천로,1,2,,,,경기도 성남시 분당구 야탑동 486,37.411791,127.120513,2,214,,좌회전금지표지,2,,,경기도 성남시청,031-729-3675,2025-12-26
,시도,,탄천로,1,2,,,,경기도 성남시 분당구 야탑동 486,37.411791,127.120513,2,224,,최고속도제한표지,2,,,경기도 성남시청,031-729-3675,2025-12-26
,시도,,탄천로,1,1,,,,경기도 성남시 분당구 야탑동 536,37.408335,127.122855,3,322,,횡단보도표지,2,,,경기도 성남시청,031-729-3675,2025-12-26
,시도,,탄천로,1,2,,,,경기도 성남시 분당구 이매동 132,37.405179,127.12082,4,432,,야간점멸신호운영표지,2,,,경기도 성남시청,031-729-3675,2025-12-26
,시도,,탄천로,1,2,,,,경기도 성남시 분당구 이매동 136,37.402183,127.122403,3,329,,비보호좌회전표지,2,,,경기도 성남시청,031-729-3675,2025-12-26
,시도,,탄천로,1,2,,,,경기도 성남시 분당구 이매동 137-6,37.399468,127.123276,4,433,,동시신호표지,2,,,경기도 성남시청,031-729-3675,2025-12-26
,시도,,탄천로,1,2,,,,경기도 성남시 분당구 이매동 140,37.398292,127.121195,3,329,,비보호좌회전표지,2,,,경기도 성남시청,031-729-3675,2025-12-26
,시도,,탄천로,1,2,,,,경기도 성남시 분당구 이매동 145,37.396798,127.123369,2,218,,주정차금지표지,2,,,경기도 성남시청,031-729-3675,2025-12-26
,시도,,탄천로,1,2,,,,경기도 성남시 분당구 이매동 143,37.393458,127.121648,3,309,,직진및좌회전표지,2,,,경기도 성남시청,031-729-3675,2025-12-26
,시도,,탄천상로,1,2,,,,경기도 성남시 분당구 구미동 173-2,37.342885,127.105214,3,309,,직진및좌회전표지,2,,,경기도 성남시청,031-729-3675,2025-12-26
,시도,,탄천상로,1,2,,,,경기도 성남시 분당구 구미동 181,37.339858,127.111299,3,329,,비보호좌회전표지,2,,,경기도 성남시청,031-729-3675,2025-12-26
,시도,,탄천상로,1,2,,,,경기도 성남시 분당구 구미동 197-13,37.335873,127.110398,3,329,,비보호좌회전표지,2,,,경기도 성남시청,031-729-3675,2025-12-26
,시도,,정자일로,1,2,,,,경기도 성남시 분당구 정자동 6-3,37.373327,127.105326,3,309,,직진및좌회전표지,2,,,경기도 성남시청,031-729-3675,2025-12-26
,시도,,정자일로,1,2,,,,경기도 성남시 분당구 정자동 9,37.371269,127.105594,2,218,,주정차금지표지,2,,,경기도 성남시청,031-729-3675,2025-12-26
,시도,,정자일로,1,2,,,,경기도 성남시 분당구 정자동 16-2,37.368045,127.10553,3,309,,직진및좌회전표지,2,,,경기도 성남시청,031-729-3675,2025-12-26
,시도,,정자일로,1,2,,,,경기도 성남시 분당구 정자동24,37.366144,127.105415,3,309,,직진및좌회전표지,2,,,경기도 성남시청,031-729-3675,2025-12-26
,시도,,정자일로,1,2,,,,경기도 성남시 분당구 정자동 163,37.363036,127.105586,3,309,,직진및좌회전표지,2,,,경기도 성남시청,031-729-3675,2025-12-26
,시도,,정자일로,1,2,,,,경기도 성남시 분당구 정자동 178-1,37.359518,127.105208,3,309,,직진및좌회전표지,2,,,경기도 성남시청,031-729-3675,2025-12-26
,시도,,정자일로,1,1,,,,경기도 성남시 분당구 정자동 178-5,37.358334,127.105671,3,329,,비보호좌회전표지,2,,,경기도 성남시청,031-729-3675,2025-12-26
,시도,,정자일로,1,2,,,,경기도 성남시 분당구 정자동 178-6,37.357393,127.105119,3,309,,직진및좌회전표지,2,,,경기도 성남시청,031-729-3675,2025-12-26
,시도,,정자일로,1,1,,,,경기도 성남시 분당구 금곡동 183,37.355144,127.106404,3,322,,횡단보도표지,2,,,경기도 성남시청,031-729-3675,2025-12-26
,시도,,정자일로,1,2,,,,경기도 성남시 분당구 금곡동 180,37.35448,127.106315,3,329,,비보호좌회전표지,2,,,경기도 성남시청,031-729-3675,2025-12-26
,시도,,정자일로,1,2,,,,경기도 성남시 분당구 금곡동 196,37.353825,127.104947,3,309,,직진및좌회전표지,2,,,경기도 성남시청,031-729-3675,2025-12-26
,시도,,정자일로,1,2,,,,경기도 성남시 분당구 금곡동 175,37.351585,127.106647,3,329,,비보호좌회전표지,2,,,경기도 성남시청,031-729-3675,2025-12-26
,시도,,불정로23번길,1,1,,,,경기도 성남시 분당구 정자동 166-1,37.362561,127.106535,2,218,,주정차금지표지,2,,,경기도 성남시청,031-729-3675,2025-12-26
,시도,,미금일로,1,2,,,,경기도 성남시 분당구 구미동 63,37.347269,127.113122,3,309,,직진및좌회전표지,2,,,경기도 성남시청,031-729-3675,2025-12-26
,시도,,야탑로,1,2,,,,경기도 성남시 분당구 야탑동 537-1,37.408488,127.121366,3,329,,비보호좌회전표지,2,,,경기도 성남시청,031-729-3675,2025-12-26
,시도,,야탑로,1,2,,,,경기도 성남시 분당구 야탑동 537-7,37.408802,127.122879,3,311,,유턴표지,2,,,경기도 성남시청,031-729-3675,2025-12-26
,시도,,야탑로,1,2,,,,경기도 성남시 분당구 야탑동 502,37.409503,127.125979,4,434,,예측출발금지표지,2,,,경기도 성남시청,031-729-3675,2025-12-26
,시도,,야탑로,1,2,,,,경기도 성남시 분당구 야탑동 502,37.409503,127.125979,2,216,,유턴금지표지,2,,,경기도 성남시청,031-729-3675,2025-12-26
,시도,,야탑로,1,2,,,,경기도 성남시 분당구 야탑동 516,37.409522,127.131027,3,329,,비보호좌회전표지,2,,,경기도 성남시청,031-729-3675,2025-12-26
,시도,,야탑로,1,2,,,,경기도 성남시 분당구 야탑동 391,37.40982,127.132423,3,329,,비보호좌회전표지,2,,,경기도 성남시청,031-729-3675,2025-12-26
,시도,,야탑로,1,2,,,,경기도 성남시 분당구 야탑동 518,37.409341,127.135309,4,430,,직진후좌회전표지,2,,,경기도 성남시청,031-729-3675,2025-12-26
,시도,,야탑로,1,2,,,,경기도 성남시 분당구 야탑동 197-12,37.408844,127.13796,2,224,,최고속도제한표지,2,,,경기도 성남시청,031-729-3675,2025-12-26
,시도,,야탑로,1,1,,,,경기도 성남시 분당구 야탑동 166,37.409153,127.13872,3,324,,어린이보호표지표지,2,,,경기도 성남시청,031-729-3675,2025-12-26
,시도,,야탑로,1,2,,,,경기도 성남시 분당구 야탑동 264-3,37.408774,127.142514,3,329,,비보호좌회전표지,2,,,경기도 성남시청,031-729-3675,2025-12-26
,시도,,야탑로,1,2,,,,경기도 성남시 분당구 야탑동 175-1,37.407244,127.145887,3,309,,직진및좌회전표지,2,,,경기도 성남시청,031-729-3675,2025-12-26
,시도,,야탑로,1,2,,,,경기도 성남시 분당구 야탑동 177,37.406699,127.147796,3,329,,비보호좌회전표지,2,,,경기도 성남시청,031-729-3675,2025-12-26
,시도,,미금로,1,1,,,,경기도 성남시 분당구 금곡동 133-1,37.352755,127.112602,3,324,,어린이보호표지,2,,,경기도 성남시청,031-729-3675,2025-12-26
,시도,,미금로,1,1,,,,경기도 성남시 분당구 금곡동 133-2,37.352188,127.113747,3,324,,어린이보호표지,2,,,경기도 성남시청,031-729-3675,2025-12-26
,시도,,미금로,1,1,,,,경기도 성남시 분당구 구미동 66,37.349656,127.114051,3,329,,비보호좌회전표지,2,,,경기도 성남시청,031-729-3675,2025-12-26
,시도,,미금로,1,2,,,,경기도 성남시 분당구 구미동 110,37.345992,127.117815,3,309,,직진및좌회전표지,2,,,경기도 성남시청,031-729-3675,2025-12-26
,시도,,미금로,1,1,,,,경기도 성남시 분당구 구미동 115,37.344351,127.115364,3,324,,어린이보호표지,2,,,경기도 성남시청,031-729-3675,2025-12-26
,시도,,미금로,1,2,,,,경기도 성남시 분당구 구미동 198-1,37.342857,127.113595,3,311,,유턴표지,2,,,경기도 성남시청,031-729-3675,2025-12-26
,시도,,미금로,1,2,,,,경기도 성남시 분당구 구미동 302,37.33949,127.113567,2,224,,최고속도제한표지,2,,,경기도 성남시청,031-729-3675,2025-12-26
,시도,,미금로,1,2,,,,경기도 성남시 분당구 구미동 220-1,37.339365,127.116463,3,329,,비보호좌회전표지,2,,,경기도 성남시청,031-729-3675,2025-12-26
,시도,,미금로,1,2,,,,경기도 성남시 분당구 구미동 203-1,37.337805,127.115679,3,311,,유턴표지,2,,,경기도 성남시청,031-729-3675,2025-12-26
,시도,,미금로,1,1,,,,경기도 성남시 분당구 구미동 205-5,37.336861,127.116747,2,214,,좌회전금지표지,2,,,경기도 성남시청,031-729-3675,2025-12-26
,시도,,미금로,1,2,,,,경기도 성남시 분당구 구미동 211,37.335467,127.115826,2,218,,주정차금지표지,2,,,경기도 성남시청,031-729-3675,2025-12-26
,시도,,미금로,1,2,,,,경기도 성남시 분당구 구미동 214,37.334285,127.119861,3,322,,횡단보도표지,2,,,경기도 성남시청,031-729-3675,2025-12-26
,시도,,구미로,1,2,,,,경기도 성남시 분당구 구미동 188,37.337679,127.109725,3,329,,비보호좌회전표지,2,,,경기도 성남시청,031-729-3675,2025-12-26
,시도,,구미로,1,2,,,,경기도 성남시 분당구 구미동 193-3,37.336754,127.111945,3,311,,유턴표지,2,,,경기도 성남시청,031-729-3675,2025-12-26
,시도,,구미로,1,2,,,,경기도 성남시 분당구 구미동 202,37.337469,127.113405,2,224,,최고속도제한표지,2,,,경기도 성남시청,031-729-3675,2025-12-26
,시도,,구미로,1,1,,,,경기도 성남시 분당구 구미동 221,37.339522,127.118464,3,324,,어린이보호표지,2,,,경기도 성남시청,031-729-3675,2025-12-26
,시도,,구미로,1,2,,,,경기도 성남시 분당구 구미동 215,37.337756,127.118363,3,311,,유턴표지,2,,,경기도 성남시청,031-729-3675,2025-12-26
,시도,,구미로,1,2,,,,경기도 성남시 분당구 구미동 223,37.339464,127.120738,2,224,,최고속도제한표지,2,,,경기도 성남시청,031-729-3675,2025-12-26
,시도,,구미로,1,1,,,,경기도 성남시 분당구 구미동 225,37.339909,127.120645,2,224,,최고속도제한표지,2,,,경기도 성남시청,031-729-3675,2025-12-26
,시도,,구미로,1,2,,,,경기도 성남시 분당구 구미동 242,37.342728,127.124116,2,224,,최고속도제한표지,2,,,경기도 성남시청,031-729-3675,2025-12-26
,시도,,구미로,1,1,,,,경기도 성남시 분당구 구미동 281,37.343108,127.124577,3,329,,비보호좌회전표지,2,,,경기도 성남시청,031-729-3675,2025-12-26
,시도,,구미로,1,2,,,,경기도 성남시 분당구 구미동 288,37.344024,127.125725,3,309,,직진및좌회전표지,2,,,경기도 성남시청,031-729-3675,2025-12-26
,시도,,판교로,1,2,,,,경기도 성남시 분당구 이매동 150-1,37.404262,127.119579,3,311,,유턴표지,2,,,경기도 성남시청,031-729-3675,2025-12-26
,시도,,판교로,1,2,,,,경기도 성남시 분당구 야탑동 535,37.40696,127.120463,4,430,,직진후좌회전표지,2,,,경기도 성남시청,031-729-3675,2025-12-26
,시도,,판교로,1,2,,,,경기도 성남시 분당구 이매동 131-1,37.405133,127.121723,4,430,,직진후좌회전표지,2,,,경기도 성남시청,031-729-3675,2025-12-26
,시도,,판교로,1,2,,,,경기도 성남시 분당구 이매동 131-8,37.405111,127.12335,2,224,,최고속도제한표지,2,,,경기도 성남시청,031-729-3675,2025-12-26
,시도,,판교로,1,2,,,,경기도 성남시 분당구 이매동 97-1,37.405115,127.125724,2,224,,최고속도제한표지,2,,,경기도 성남시청,031-729-3675,2025-12-26
,시도,,판교로,1,2,,,,경기도 성남시 분당구 이매동 127-1,37.403742,127.127978,3,311,,유턴표지,2,,,경기도 성남시청,031-729-3675,2025-12-26
,시도,,판교로,1,2,,,,경기도 성남시 분당구 야탑동 525,37.406742,127.131457,3,329,,비보호좌회전표지,2,,,경기도 성남시청,031-729-3675,2025-12-26
,시도,,판교로,1,2,,,,경기도 성남시 분당구 야탑동 523,37.407678,127.133455,3,311,,유턴표지,2,,,경기도 성남시청,031-729-3675,2025-12-26
,시도,,판교로,1,2,,,,경기도 성남시 분당구 야탑동 491,37.407434,127.137867,3,329,,비보호좌회전표지,2,,,경기도 성남시청,031-729-3675,2025-12-26
,시도,,판교로,1,2,,,,경기도 성남시 분당구 야탑동 158,37.405188,127.145182,3,329,,비보호좌회전표지,2,,,경기도 성남시청,031-729-3675,2025-12-26
,시도,,판교로,1,2,,,,경기도 성남시 분당구 야탑동 154,37.405664,127.148545,3,329,,비보호좌회전표지,2,,,경기도 성남시청,031-729-3675,2025-12-26
,시도,,판교로,1,2,,,,경기도 성남시 분당구 야탑동 192-2,37.405582,127.155649,2,226,,서행표지,2,,,경기도 성남시청,031-729-3675,2025-12-26
,시도,,판교로,1,1,,,,경기도 성남시 분당구 야탑동 161,37.406207,127.145671,3,329,,비보호좌회전표지,2,,,경기도 성남시청,031-729-3675,2025-12-26
,시도,,황새울로,1,2,,,,경기도 성남시 분당구 서현동 251-1,37.387793,127.124446,3,329,,비보호좌회전표지,2,,,경기도 성남시청,031-729-3675,2025-12-26
,시도,,황새울로,1,1,,,,경기도 성남시 분당구 서현동 257,37.386847,127.123231,3,329,,비보호좌회전표지,2,,,경기도 성남시청,031-729-3675,2025-12-26
,시도,,황새울로,1,2,,,,경기도 성남시 분당구 서현동 250-2,37.386297,127.123326,4,430,,직진후좌회전표지,2,,,경기도 성남시청,031-729-3675,2025-12-26
,시도,,황새울로,1,2,,,,경기도 성남시 분당구 서현동 261-6,37.386049,127.121698,4,430,,직진후좌회전표지,2,,,경기도 성남시청,031-729-3675,2025-12-26
,시도,,황새울로,1,2,,,,경기도 성남시 분당구 서현동 273-2,37.385033,127.120437,3,309,,직진및좌회전표지,2,,,경기도 성남시청,031-729-3675,2025-12-26
,시도,,황새울로,1,2,,,,경기도 성남시 분당구 수내동 9-4,37.37999952,127.114937,3,329,,비보호좌회전표지,2,,,경기도 성남시청,031-729-3675,2025-12-26
,시도,,황새울로,1,2,,,,경기도 성남시 분당구 수내동 11-4,37.378467,127.112808,3,329,,비보호좌회전표지,2,,,경기도 성남시청,031-729-3675,2025-12-26
,시도,,황새울로,1,1,,,,경기도 성남시 분당구 정자동 92-3,37.375505,127.109788,4,434,,신호절대준수표지,2,,,경기도 성남시청,031-729-3675,2025-12-26
,시도,,황새울로,1,2,,,,경기도 성남시 분당구 정자동 78,37.3721,127.110549,3,329,,비보호좌회전표지,2,,,경기도 성남시청,031-729-3675,2025-12-26
,시도,,황새울로,1,2,,,,경기도 성남시 분당구 정자동 88,37.368171,127.110392,3,309,,직진및좌회전표지,2,,,경기도 성남시청,031-729-3675,2025-12-26
,시도,,황새울로,1,1,,,,경기도 성남시 분당구 정자동 122,37.365401,127.113878,3,329,,비보호좌회전표지,2,,,경기도 성남시청,031-729-3675,2025-12-26
,시도,,황새울로,1,2,,,,경기도 성남시 분당구 정자동 122,37.365401,127.113878,3,309,,직진및좌회전표지,2,,,경기도 성남시청,031-729-3675,2025-12-26
,시도,,황새울로,1,2,,,,경기도 성남시 분당구 정자동 153,37.360905,127.11107,2,224,,최고속도제한표지,2,,,경기도 성남시청,031-729-3675,2025-12-26
,시도,,금곡로,1,1,,,,경기도 성남시 분당구 금곡동 181,37.356393,127.107646,3,329,,비보호좌회전표지,2,,,경기도 성남시청,031-729-3675,2025-12-26
,시도,,금곡로,1,1,,,,경기도 성남시 분당구 금곡동 123,37.355025,127.109641,3,329,,비보호좌회전표지,2,,,경기도 성남시청,031-729-3675,2025-12-26
,시도,,금곡로,1,2,,,,경기도 성남시 분당구 금곡동 125,37.355351,127.111689,1,129,,과속방지턱표지,2,,,경기도 성남시청,031-729-3675,2025-12-26
,시도,,금곡로,1,1,,,,경기도 성남시 분당구 금곡동 131,37.354657,127.1141,4,432,,야간점멸신호운영표지,2,,,경기도 성남시청,031-729-3675,2025-12-26
,시도,,금곡로,1,2,,,,경기도 성남시 분당구 구미동 75,37.351962,127.118772,2,226,,서행표지,2,,,경기도 성남시청,031-729-3675,2025-12-26
,시도,,금곡로,1,2,,,,경기도 성남시 분당구 구미동 81,37.350888,127.119764,3,311,,유턴표지,2,,,경기도 성남시청,031-729-3675,2025-12-26
,시도,,금곡로,1,2,,,,경기도 성남시 분당구 구미동 102,37.345857,127.119438,2,224,,최고속도제한표지,2,,,경기도 성남시청,031-729-3675,2025-12-26
,시도,,금곡로,1,1,,,,경기도 성남시 분당구 구미동 111,37.344573,127.116946,2,224,,최고속도제한표지,2,,,경기도 성남시청,031-729-3675,2025-12-26
,시도,,장미로,1,2,,,,경기도 성남시 분당구 야탑동 341,37.413089,127.127282,4,430,,직진후좌회전표지,2,,,경기도 성남시청,031-729-3675,2025-12-26
,시도,,장미로,1,2,,,,경기도 성남시 분당구 야탑동 360-3,37.413506,127.130226,4,430,,직진후좌회전표지,2,,,경기도 성남시청,031-729-3675,2025-12-26
,시도,,장미로,1,1,,,,경기도 성남시 분당구 야탑동 334,37.415965,127.129388,3,329,,비보호좌회전표지,2,,,경기도 성남시청,031-729-3675,2025-12-26
,시도,,장미로,1,2,,,,경기도 성남시 분당구 야탑동 339,37.415965,127.129388,4,430,,직진후좌회전표지,2,,,경기도 성남시청,031-729-3675,2025-12-26
,시도,,장미로,1,2,,,,경기도 성남시 분당구 야탑동 215,37.414811,127.136277,3,329,,비보호좌회전표지,2,,,경기도 성남시청,031-729-3675,2025-12-26
,시도,,장미로,1,2,,,,경기도 성남시 분당구 야탑동 216,37.413777,127.138674,4,435,,예측출발금지표지,2,,,경기도 성남시청,031-729-3675,2025-12-26
,시도,,장미로,1,1,,,,경기도 성남시 분당구 야탑동 211,37.413191,127.140995,3,329,,비보호좌회전표지,2,,,경기도 성남시청,031-729-3675,2025-12-26
,시도,,구미로173번길,1,1,,,,경기도 성남시 분당구 구미동 300,37.352026,127.124484,4,432,,야간점멸신호운영표지,2,,,경기도 성남시청,031-729-3675,2025-12-26
,시도,,구미로173번길,1,2,,,,경기도 성남시 분당구 구미동 300,37.352026,127.124484,4,436,,연속좌회전운영교차로표지,2,,,경기도 성남시청,031-729-3675,2025-12-26
,시도,,구미로173번길,1,2,,,,경기도 성남시 분당구 구미동 297-1,37.348441,127.12343,2,226,,서행표지,2,,,경기도 성남시청,031-729-3675,2025-12-26
,시도,,구미로173번길,1,2,,,,경기도 성남시 분당구 구미동 297-2,37.347241,127.123454,3,329,,비보호좌회전표지,2,,,경기도 성남시청,031-729-3675,2025-12-26
,시도,,구미로173번길,1,1,,,,경기도 성남시 분당구 구미동 285,37.345075,127.125316,3,329,,비보호좌회전표지,2,,,경기도 성남시청,031-729-3675,2025-12-26
,시도,,새마을로,1,2,,,,경기도 성남시 분당구 서현동 234,37.383586,127.132498,3,329,,비보호좌회전표지,2,,,경기도 성남시청,031-729-3675,2025-12-26
,시도,,새마을로,1,1,,,,경기도 성남시 분당구 서현동 136-15,37.383408,127.135879,2,224,,최고속도제한표지,2,,,경기도 성남시청,031-729-3675,2025-12-26
,시도,,새마을로,1,2,,,,경기도 성남시 분당구 서현동 102,37.383509,127.139487,2,216,,유턴금지표지,2,,,경기도 성남시청,031-729-3675,2025-12-26
,시도,,새마을로,1,2,,,,경기도 성남시 분당구 서현동 31-1,37.383548,127.143383,3,329,,비보호좌회전표지,2,,,경기도 성남시청,031-729-3675,2025-12-26
,시도,,새마을로,1,2,,,,경기도 성남시 분당구 율동 115-1,37.38405,127.150653,2,224,,최고속도제한표지,2,,,경기도 성남시청,031-729-3675,2025-12-26
,시도,,백현로,1,2,,,,경기도 성남시 분당구 정자동 4-6,37.378494,127.106394,2,224,,최고속도제한표지,2,,,경기도 성남시청,031-729-3675,2025-12-26
,시도,,백현로,1,2,,,,경기도 성남시 분당구 정자동 27,37.376162,127.110365,2,224,,최고속도제한표지,2,,,경기도 성남시청,031-729-3675,2025-12-26
,시도,,백현로,1,2,,,,경기도 성남시 분당구 정자동 107,37.366565,127.1208,2,214,,좌회전금지표지,2,,,경기도 성남시청,031-729-3675,2025-12-26
,시도,,장미로48번길,1,2,,,,경기도 성남시 분당구 야탑동 342-3,37.412651,127.125501,3,311,,유턴표지,2,,,경기도 성남시청,031-729-3675,2025-12-26
,시도,,중앙공원로,1,2,,,,경기도 성남시 분당구 서현동 96,37.381173,127.13034,3,329,,비보호좌회전표지,2,,,경기도 성남시청,031-729-3675,2025-12-26
,시도,,중앙공원로,1,2,,,,경기도 성남시 분당구 서현동 90,37.380869,127.128664,2,213,,우회전금지표지,2,,,경기도 성남시청,031-729-3675,2025-12-26
,시도,,중앙공원로,1,2,,,,경기도 성남시 분당구 서현동 91,37.379188,127.126213,4,432,,야간점멸신호운영표지,2,,,경기도 성남시청,031-729-3675,2025-12-26
,시도,,장안로,1,2,,,,경기도 성남시 분당구 분당동 69,37.371413,127.142516,3,329,,비보호좌회전표지,2,,,경기도 성남시청,031-729-3675,2025-12-26
,시도,,장안로,1,2,,,,경기도 성남시 분당구 분당동 90-1,37.370441,127.143476,3,329,,비보호좌회전표지,2,,,경기도 성남시청,031-729-3675,2025-12-26
,시도,,장안로,1,2,,,,경기도 성남시 분당구 분당동 71,37.36953,127.141903,3,329,,비보호좌회전표지,2,,,경기도 성남시청,031-729-3675,2025-12-26
,시도,,정자로,1,1,,,,경기도 성남시 분당구 정자동 189-5,37.362543,127.112361,4,432,,야간점멸신호운영표지,2,,,경기도 성남시청,031-729-3675,2025-12-26
,시도,,정자로,1,1,,,,경기도 성남시 분당구 정자동 125,37.362753,127.11305,3,320,,횡단보도표지,2,,,경기도 성남시청,031-729-3675,2025-12-26
,시도,,정자로,1,2,,,,경기도 성남시 분당구 정자동 192,37.362352,127.117059,4,432,,야간점멸신호운영표지,2,,,경기도 성남시청,031-729-3675,2025-12-26
,시도,,무지개로,1,1,,,,경기도 성남시 분당구 구미동 241,37.340984,127.11973,3,329,,비보호좌회전표지,2,,,경기도 성남시청,031-729-3675,2025-12-26
,시도,,무지개로,1,2,,,,경기도 성남시 분당구 구미동 50,37.336381,127.113573,2,224,,최고속도제한표지,2,,,경기도 성남시청,031-729-3675,2025-12-26
,시도,,무지개로,1,2,,,,경기도 성남시 분당구 구미동 211,37.335467,127.115826,3,329,,비보호좌회전표지,2,,,경기도 성남시청,031-729-3675,2025-12-26
,시도,,성남대로779번길,1,1,,,,경기도 성남시 분당구 이매동 108,37.399403,127.127239,3,329,,비보호좌회전표지,2,,,경기도 성남시청,031-729-3675,2025-12-26
,시도,,성남대로43번길,1,2,,,,경기도 성남시 분당구 구미동 172,37.34005,127.104824,3,311,,유턴표지,2,,,경기도 성남시청,031-729-3675,2025-12-26
,시도,,성남대로43번길,1,2,,,,경기도 성남시 분당구 구미동 159,37.340325,127.106819,3,311,,유턴표지,2,,,경기도 성남시청,031-729-3675,2025-12-26
,시도,,느티로,1,1,,,,경기도 성남시 분당구 정자동 65-3,37.368797,127.112295,4,432,,야간점멸신호운영표지,2,,,경기도 성남시청,031-729-3675,2025-12-26
,시도,,분당로263번길,1,2,,,,경기도 성남시 분당구 서현동 314-2,37.37275,127.14121,3,329,,비보호좌회전표지,2,,,경기도 성남시청,031-729-3675,2025-12-26
,시도,,분당로263번길,1,2,,,,경기도 성남시 분당구 분당동 67,37.371127,127.140849,3,327,,일방통행표지,2,,,경기도 성남시청,031-729-3675,2025-12-26
,시도,,분당로263번길,1,2,,,,경기도 성남시 분당구 서현동 310,37.371693,127.137883,3,329,,비보호좌회전표지,2,,,경기도 성남시청,031-729-3675,2025-12-26
,시도,,양현로94번길,1,1,,,,경기도 성남시 분당구 이매동 120-3,37.391586,127.125743,3,329,,비보호좌회전표지,2,,,경기도 성남시청,031-729-3675,2025-12-26
,시도,,양현로94번길,1,2,,,,경기도 성남시 분당구 이매동 120-7,37.390981,127.126367,3,320,,횡단보도표지,2,,,경기도 성남시청,031-729-3675,2025-12-26
,시도,,황새울로313번길,1,2,,,,경기도 성남시 분당구 서현동 269-6,37.383916,127.121376,3,329,,비보호좌회전표지,2,,,경기도 성남시청,031-729-3675,2025-12-26
,시도,,이매로,1,1,,,,경기도 성남시 분당구 이매동 116,37.393807,127.125845,3,320,,횡단보도표지,2,,,경기도 성남시청,031-729-3675,2025-12-26
,시도,,벌말로,1,1,,,,경기도 성남시 분당구 야탑동 266,37.410142,127.138815,3,329,,비보호좌회전표지,2,,,경기도 성남시청,031-729-3675,2025-12-26
,시도,,매화로,1,1,,,,경기도 성남시 분당구 야탑동 390,37.410615,127.133481,3,329,,비보호좌회전표지,2,,,경기도 성남시청,031-729-3675,2025-12-26
,시도,,운중로,3,2,,,,경기도 성남시 분당구 운중동 903,37.391298,127.063253,3,314,,좌측면통행표지,2,,,경기도 성남시청,031-729-3675,2025-12-26
,시도,,운중로,3,2,,,,경기도 성남시 분당구 운중동 900-3,37.390576,127.079168,3,329,,비보호,2,,,경기도 성남시청,031-729-3675,2025-12-26
,시도,,운중로,3,2,,,,경기도 성남시 분당구 운중동 899-3,37.390924,127.067919,3,311,,유턴표지,2,,,경기도 성남시청,031-729-3675,2025-12-26
,시도,,운중로,3,2,,,,경기도 성남시 분당구 운중동 948,37.391376,127.076055,3,309,,직진및좌회전표지,2,,,경기도 성남시청,031-729-3675,2025-12-26
,시도,,운중로,3,2,,,,경기도 성남시 분당구 운중동 966,37.391907,127.078598,3,311,,유턴표지,2,,,경기도 성남시청,031-729-3675,2025-12-26
,시도,,운중로,3,2,,,,경기도 성남시 분당구 운중동 1018,37.391103,127.081737,3,309,,직진및좌회전 표지,2,,,경기도 성남시청,031-729-3675,2025-12-26
,시도,,운중로,3,2,,,,경기도 성남시 분당구 운중동 1017-3,37.390393,127.084861,3,311,,유턴 표지,2,,,경기도 성남시청,031-729-3675,2025-12-26
,시도,,운중로,3,2,,,,경기도 성남시 분당구 판교동 626,37.389186,127.090407,3,311,,유턴 표지,2,,,경기도 성남시청,031-729-3675,2025-12-26
,시도,,운중로,3,2,,,,경기도 성남시 분당구 판교동 586-7,37.389053,127.09325,3,325,,자전거횡단 표지,2,,,경기도 성남시청,031-729-3675,2025-12-26
,시도,,운중로,3,2,,,,경기도 성남시 분당구 판교동 584-2,37.388255,127.095533,3,322,,횡단보도 표지,2,,,경기도 성남시청,031-729-3675,2025-12-26
,시도,,서판교로,3,2,,,,경기도 성남시 분당구 판교동 639-1,37.387003,127.097608,2,224,,최고속도제한 표지,2,,,경기도 성남시청,031-729-3675,2025-12-26
,시도,,서판교로,3,2,,,,경기도 성남시 분당구 판교동 577-4,37.389779,127.097882,3,329,,비보호 표지,2,,,경기도 성남시청,031-729-3675,2025-12-26
,시도,,서판교로,3,2,,,,경기도 성남시 분당구 판교동 585,37.38988,127.097313,3,329,,비보호 표지,2,,,경기도 성남시청,031-729-3675,2025-12-26
,시도,,서판교로,3,2,,,,경기도 성남시 분당구 판교동 552-1,37.392813,127.097891,3,329,,비보호 표지,2,,,경기도 성남시청,031-729-3675,2025-12-26
,시도,,서판교로,3,2,,,,경기도 성남시 분당구 판교동 552,37.394899,127.097636,3,329,,비보호 표지,2,,,경기도 성남시청,031-729-3675,2025-12-26
,시도,,서판교로,3,2,,,,경기도 성남시 분당구 판교동 551,37.394305,127.098914,3,322,,횡단보도 표지,2,,,경기도 성남시청,031-729-3675,2025-12-26
,시도,,서판교로,3,2,,,,경기도 성남시 분당구 판교동 541,37.395967,127.097787,3,329,,비보호 표지,2,,,경기도 성남시청,031-729-3675,2025-12-26
,시도,,서판교로,3,2,,,,경기도 성남시 분당구 판교동 518,37.39919,127.096178,2,224,,최고속도제한 표지,2,,,경기도 성남시청,031-729-3675,2025-12-26
,시도,,서판교로,3,2,,,,경기도 성남시 분당구 판교동 513,37.397984,127.095616,3,329,,비보호 표지,2,,,경기도 성남시청,031-729-3675,2025-12-26
,시도,,서판교로,3,2,,,,경기도 성남시 분당구 판교동 497,37.400258,127.094806,3,309,,직진및좌회전 표지,2,,,경기도 성남시청,031-729-3675,2025-12-26
,시도,,서판교로,3,2,,,,경기도 성남시 분당구 판교동 494,37.399838,127.093459,2,224,,최고속도제한 표지,2,,,경기도 성남시청,031-729-3675,2025-12-26
,시도,,서판교로,3,2,,,,경기도 성남시 분당구 판교동 491-3,37.401788,127.093404,3,303,,자전거및보행자 겸용도로 표지,2,,,경기도 성남시청,031-729-3675,2025-12-26
,시도,,서판교로,3,2,,,,경기도 성남시 분당구 판교동 503-5,37.402959,127.095889,2,218,,정차+주차금지 표지,2,,,경기도 성남시청,031-729-3675,2025-12-26
,시도,,서판교로32번길,3,2,,,,경기도 성남시 분당구 판교동 572,37.390552,127.099582,2,224,,최고속도제한 표지,2,,,경기도 성남시청,031-729-3675,2025-12-26
,시도,,서판교로88번길,3,2,,,,경기도 성남시 분당구 판교동 548-2,37.394561,127.100141,3,224,,최고속도제한 표지,2,,,경기도 성남시청,031-729-3675,2025-12-26
,시도,,서판교로88번길,3,1,,,,경기도 성남시 분당구 판교동 547-1,37.394718,127.099255,3,322,,횡단보도 표지,2,,,경기도 성남시청,031-729-3675,2025-12-26
,시도,,판교로,3,2,,,,경기도 성남시 분당구 판교동 513-3,37.398284,127.093216,3,329,,비보호 표지,2,,,경기도 성남시청,031-729-3675,2025-12-26
,시도,,판교로,3,2,,,,경기도 성남시 분당구 판교동 629-3,37.388721,127.085791,3,311,,유턴 표지,2,,,경기도 성남시청,031-729-3675,2025-12-26
,시도,,안양판교로,3,2,,,,경기도 성남시 분당구 하산운동 266-52,37.387483,127.083821,2,224,,최고속도제한 표지,2,,,경기도 성남시청,031-729-3675,2025-12-26
,시도,,안양판교로,3,2,,,,경기도 성남시 분당구 운중동 921-4,37.38846,127.071593,2,211,,진입금지 표지,2,,,경기도 성남시청,031-729-3675,2025-12-26
,시도,,산운로,3,2,,,,경기도 성남시 분당구 운중동 981,37.393041,127.076091,2,224,,최고속도제한 표지,2,,,경기도 성남시청,031-729-3675,2025-12-26
,시도,,산운로,3,2,,,,경기도 성남시 분당구 운중동 874,37.392958,127.066443,2,224,,최고속도제한 표지,2,,,경기도 성남시청,031-729-3675,2025-12-26
,시도,,산운로,3,2,,,,경기도 성남시 분당구 운중동 873,37.392946,127.067902,3,329,,비보호 표지,2,,,경기도 성남시청,031-729-3675,2025-12-26
,시도,,산운로,3,2,,,,경기도 성남시 분당구 운중동 893,37.392419,127.06894,3,304,,회전교차로 표지,2,,,경기도 성남시청,031-729-3675,2025-12-26
,시도,,판교원로,3,1,,,,경기도 성남시 분당구 운중동 899,37.391024,127.069702,2,224,,최고속도제한 표지,2,,,경기도 성남시청,031-729-3675,2025-12-26
,시도,,판교원로,3,2,,,,경기도 성남시 분당구 운중동 1044,37.388761,127.082134,2,224,,최고속도제한 표지,2,,,경기도 성남시청,031-729-3675,2025-12-26
,시도,,판교원로,3,1,,,,경기도 성남시 분당구 판교동 629,37.387164,127.086235,3,224,,최고속도제한 표지,2,,,경기도 성남시청,031-729-3675,2025-12-26
,시도,,판교원로,3,1,,,,경기도 성남시 분당구 판교동 629,37.387164,127.086235,2,224,,최고속도제한 표지,2,,,경기도 성남시청,031-729-3675,2025-12-26
,시도,,판교원로,3,2,,,,경기도 성남시 분당구 판교동 633-1,37.388102,127.087182,3,322,,횡단보도 표지,2,,,경기도 성남시청,031-729-3675,2025-12-26
,시도,,판교원로,3,2,,,,경기도 성남시 분당구 판교동 632-2,37.386194,127.088009,3,322,,횡단보도 표지,2,,,경기도 성남시청,031-729-3675,2025-12-26
,시도,,판교원로,3,2,,,,경기도 성남시 분당구 판교동 634,37.386647,127.088714,3,329,,비보호 표지,2,,,경기도 성남시청,031-729-3675,2025-12-26
,시도,,판교원로,3,2,,,,경기도 성남시 분당구 판교동 436,37.386373,127.089093,2,218,,정차+주차금지 표지,2,,,경기도 성남시청,031-729-3675,2025-12-26
,시도,,판교원로,3,1,,,,경기도 성남시 분당구 판교동 637,37.387603,127.09213,3,322,,횡단보도 표지,2,,,경기도 성남시청,031-729-3675,2025-12-26
,시도,,판교원로,2,1,,,,경기도 성남시 분당구 운중동 927,37.389753,127.079024,3,329,,비보호좌회전 표지,2,,,경기도 성남시청,031-729-3675,2025-12-26
,시도,,판교원로 14번길2,3,2,,,,경기도 성남시 분당구 운중동 908-10,37.390219,127.06761,3,322,,횡단보도 표지,2,,,경기도 성남시청,031-729-3675,2025-12-26
,시도,,판교원로 82번길,3,2,,,,경기도 성남시 분당구 운중동 949,37.390635,127.075118,3,329,,비보호 표지,2,,,경기도 성남시청,031-729-3675,2025-12-26
,시도,,판교원로 82번길,3,2,,,,경기도 성남시 분당구 운중동 922-4,37.388606,127.07527,3,309,,직진및좌회전 표지,2,,,경기도 성남시청,031-729-3675,2025-12-26
,시도,,판교원로 82번길,3,2,,,,경기도 성남시 분당구 운중동 919,37.387754,127.073907,1,129,,과속방지턱 표지,2,,,경기도 성남시청,031-729-3675,2025-12-26
,시도,,판교원로 82번길,3,2,,,,경기도 성남시 분당구 운중동 918,37.385367,127.073419,2,216,,유턴금지 표지,2,,,경기도 성남시청,031-729-3675,2025-12-26
,시도,,판교원로 82번길,3,2,,,,경기도 성남시 분당구 운중동 916,37.383067,127.073959,2,216,,유턴금지 표지,2,,,경기도 성남시청,031-729-3675,2025-12-26
,시도,,운중로 243번길,3,2,,,,경기도 성남시 분당구 판교동 553,37.3918984696,127.09087,2,224,,최고속도제한 표지,2,,,경기도 성남시청,031-729-3675,2025-12-26
,시도,,운중로 243번길,3,2,,,,경기도 성남시 분당구 판교동 612-4,37.390662,127.090782,2,224,,최고속도제한 표지,2,,,경기도 성남시청,031-729-3675,2025-12-26
,시도,,운중로 45번길,3,2,,,,경기도 성남시 분당구 운중동 892-11,37.392488,127.08375,3,322,,횡단보도 표지,2,,,경기도 성남시청,031-729-3675,2025-12-26
,시도,,운중로,3,2,,,경기도 성남시 분당구 운중로 034-1,,37.39145,127.067994,3,114,,좌우로 이중 굽는도로,2,,,경기도 성남시청,031-729-3675,2025-12-26
,시도,,동판교로,3,2,,,,경기도 성남시 분당구 삼평동 705-2,37.407487,127.115245,3,329,,비보호 표지,2,,,경기도 성남시청,031-729-3675,2025-12-26
,시도,,동판교로,3,2,,,,경기도 성남시 분당구 삼평동 711,37.406147,127.115856,2,214,,좌회전금지 표지,2,,,경기도 성남시청,031-729-3675,2025-12-26
,시도,,동판교로,3,1,,,,경기도 성남시 분당구 삼평동 710-2,37.405554,127.115663,3,322,,횡단보도 표지,2,,,경기도 성남시청,031-729-3675,2025-12-26
,시도,,동판교로,3,2,,,,경기도 성남시 분당구 삼평동 719,37.403919,127.116147,3,309,,직진및좌회전 표지,2,,,경기도 성남시청,031-729-3675,2025-12-26
,시도,,동판교로,3,2,,,,경기도 성남시 분당구 삼평동 723-1,37.402515,127.116608,3,329,,비보호 표지,2,,,경기도 성남시청,031-729-3675,2025-12-26
,시도,,동판교로,3,2,,,,경기도 성남시 분당구 삼평동 728,37.401795,127.117541,3,329,,비보호 표지,2,,,경기도 성남시청,031-729-3675,2025-12-26
,시도,,동판교로,3,2,,,,경기도 성남시 분당구 삼평동 727,37.400611,127.115741,3,329,,비보호 표지,2,,,경기도 성남시청,031-729-3675,2025-12-26
,시도,,동판교로,3,2,,,,경기도 성남시 분당구 삼평동 737,37.3986,127.116436,3,329,,비보호 표지,2,,,경기도 성남시청,031-729-3675,2025-12-26
,시도,,동판교로,3,2,,,,경기도 성남시 분당구 삼평동 743,37.396039,127.117716,3,322,,횡단보도 표지,2,,,경기도 성남시청,031-729-3675,2025-12-26
,시도,,동판교로,3,1,,,,경기도 성남시 분당구 삼평동 743-2,37.395462,127.118439,3,322,,횡단보도 표지,2,,,경기도 성남시청,031-729-3675,2025-12-26
,시도,,동판교로,3,2,,,,경기도 성남시 분당구 백현동 544,37.39419,127.117628,4,329,,비보호 표지,2,,,경기도 성남시청,031-729-3675,2025-12-26
,시도,,동판교로,3,2,,,,경기도 성남시 분당구 백현동 545-4,37.392731,127.117011,3,311,,유턴 표지,2,,,경기도 성남시청,031-729-3675,2025-12-26
,시도,,동판교로,3,2,,,,경기도 성남시 분당구 백현동 546,37.387549,127.116277,3,329,,비보호 표지,2,,,경기도 성남시청,031-729-3675,2025-12-26
,시도,,동판교로,3,1,,,,경기도 성남시 분당구 백현동 548,37.389019,127.115843,3,322,,횡단보도 표지,2,,,경기도 성남시청,031-729-3675,2025-12-26
,시도,,동판교로,3,2,,,,경기도 성남시 분당구 백현동 550,37.388479,127.115375,3,322,,횡단보도 표지,2,,,경기도 성남시청,031-729-3675,2025-12-26
,시도,,동판교로,3,2,,,,경기도 성남시 분당구 백현동 552,37.388278,127.114669,3,329,,비보호 표지,2,,,경기도 성남시청,031-729-3675,2025-12-26
,시도,,동판교로,3,2,,,,경기도 성남시 분당구 백현동 557,37.388538,127.110857,2,221,,차높이제한 표지,2,,,경기도 성남시청,031-729-3675,2025-12-26
,시도,,동판교로,3,1,,,,경기도 성남시 분당구 백현동 559,37.387579,127.111751,3,322,,횡단보도 표지,2,,,경기도 성남시청,031-729-3675,2025-12-26
,시도,,분당-내곡로,3,2,,,,경기도 성남시 분당구 삼평동 689,37.403826,127.111617,3,311,,유턴 표지,2,,,경기도 성남시청,031-729-3675,2025-12-26
,시도,,분당-내곡로,3,2,,,,경기도 성남시 분당구 삼평동 733,37.399542,127.113706,3,311,,유턴 표지,2,,,경기도 성남시청,031-729-3675,2025-12-26
,시도,,분당-내곡로,3,2,,,,경기도 성남시 분당구 삼평동 740,37.397323,127.113528,3,309,,직진및좌회전 표지,2,,,경기도 성남시청,031-729-3675,2025-12-26
,시도,,분당-내곡로,3,2,,,,경기도 성남시 분당구 삼평동 741,37.39542,127.113556,3,311,,유턴 표지,2,,,경기도 성남시청,031-729-3675,2025-12-26
,시도,,분당-내곡로,3,2,,,,경기도 성남시 분당구 백현동 542-2,37.3942997151,127.113213,3,311,,유턴 표지,2,,,경기도 성남시청,031-729-3675,2025-12-26
,시도,,분당-내곡로,3,2,,,,경기도 성남시 분당구 백현동 541,37.392755,127.112037,3,311,,유턴 표지,2,,,경기도 성남시청,031-729-3675,2025-12-26
,시도,,분당-내곡로,3,2,,,,경기도 성남시 분당구 백현동 598,37.387735,127.113427,3,309,,직진및좌회전 표지,2,,,경기도 성남시청,031-729-3675,2025-12-26
,시도,,분당-내곡로,3,1,,,,경기도 성남시 분당구 백현동 541,37.3927946194,127.1120874858,3,225,,최저속도제한,2,,,경기도 성남시청,031-729-3675,2025-12-26
,시도,,판교역로,3,2,,,,경기도 성남시 분당구 삼평동 691-1,37.403479,127.109154,3,311,,유턴 표지,2,,,경기도 성남시청,031-729-3675,2025-12-26
,시도,,판교역로,3,2,,,,경기도 성남시 분당구 삼평동 686,37.402779,127.108898,3,311,,유턴 표지,2,,,경기도 성남시청,031-729-3675,2025-12-26
,시도,,판교역로,3,2,,,,경기도 성남시 분당구 삼평동 679,37.401288,127.110442,3,311,,유턴 표지,2,,,경기도 성남시청,031-729-3675,2025-12-26
,시도,,판교역로,3,2,,,,경기도 성남시 분당구 삼평동 673,37.400418,127.110225,3,311,,유턴 표지,2,,,경기도 성남시청,031-729-3675,2025-12-26
,시도,,판교역로,3,2,,,,경기도 성남시 분당구 삼평동 642,37.397461,127.110048,3,322,,횡단보도 표지,2,,,경기도 성남시청,031-729-3675,2025-12-26
,시도,,판교역로,3,2,,,,경기도 성남시 분당구 삼평동 646,37.396504,127.110046,3,311,,유턴 표지,2,,,경기도 성남시청,031-729-3675,2025-12-26
,시도,,판교역로,3,2,,,,경기도 성남시 분당구 백현동 산4-23,37.394644,127.110189,3,311,,유턴 표지,2,,,경기도 성남시청,031-729-3675,2025-12-26
,시도,,판교역로,3,2,,,,경기도 성남시 분당구 백현동 528,37.390227,127.108614,3,311,,유턴 표지,2,,,경기도 성남시청,031-729-3675,2025-12-26
,시도,,판교역로,3,2,,,,경기도 성남시 분당구 백현동 523,37.387525,127.107667,3,315,,진행방향별통행구분 표지,2,,,경기도 성남시청,031-729-3675,2025-12-26
,시도,,판교역로,3,2,,,,경기도 성남시 분당구 백현동 558,37.386949,127.110639,2,218,,정차+주차금지 표지,2,,,경기도 성남시청,031-729-3675,2025-12-26
,시도,,판교역로,3,1,,,,경기도 성남시 분당구 백현동 527,37.38634,127.108052,2,224,,최고속도제한 표지,2,,,경기도 성남시청,031-729-3675,2025-12-26
,시도,,판교역로,3,1,,,,경기도 성남시 분당구 백현동 527,37.38634,127.108052,2,218,,정차+주차금지 표지,2,,,경기도 성남시청,031-729-3675,2025-12-26
,시도,,판교역로,3,2,,,,경기도 성남시 분당구 백현동 525,37.383246,127.108117,3,329,,비보호 표지,2,,,경기도 성남시청,031-729-3675,2025-12-26
,시도,,판교역로,3,2,,,,경기도 성남시 분당구 백현동 577-8,37.383881,127.110919,2,218,,정차+주차금지 표지,2,,,경기도 성남시청,031-729-3675,2025-12-26
,시도,,판교로319번길,3,2,,,,경기도 성남시 분당구 삼평동 701,37.404599,127.109906,3,322,,횡단보도 표지,2,,,경기도 성남시청,031-729-3675,2025-12-26
,시도,,동판교로177번길,3,2,,,,경기도 성남시 분당구 삼평동 739,37.397932,127.115208,2,218,,정차+주차금지 표지,2,,,경기도 성남시청,031-729-3675,2025-12-26
,시도,,대왕판교로606번길,3,2,,,,경기도 성남시 분당구 삼평동 742,37.395118,127.116062,2,218,,정차+주차금지 표지,2,,,경기도 성남시청,031-729-3675,2025-12-26
,시도,,대왕판교로644번길,3,2,,,,경기도 성남시 분당구 삼평동 675,37.400114,127.111467,3,322,,횡단보도 표지,2,,,경기도 성남시청,031-729-3675,2025-12-26
,시도,,대왕판교로644번길,3,1,,,,경기도 성남시 분당구 삼평동 668-5,37.399386,127.108603,2,218,,정차+주차금지 표지,2,,,경기도 성남시청,031-729-3675,2025-12-26
,시도,,대왕판교로645번길,3,2,,,,경기도 성남시 분당구 삼평동 637,37.39953,127.103854,3,329,,비보호 표지,2,,,경기도 성남시청,031-729-3675,2025-12-26
,시도,,대왕판교로645번길,3,2,,,,경기도 성남시 분당구 삼평동 632-1,37.400409,127.102365,3,322,,횡단보도 표지,2,,,경기도 성남시청,031-729-3675,2025-12-26
,시도,,대왕판교로,3,2,,,,경기도 성남시 분당구 삼평동 637-4,37.3948355748,127.1056865451,3,212,,직진금지 표지,2,,,경기도 성남시청,031-729-3675,2025-12-26
,시도,,대왕판교로,3,2,,,,경기도 성남시 분당구 삼평동 637-4,37.3948355748,127.1056865451,3,125,,신호기표지,2,,,경기도 성남시청,031-729-3675,2025-12-26
,시도,,판교역로146번길,3,1,,,,경기도 성남시 분당구 백현동 539,37.393624,127.110748,2,224,,최고속도제한 표지,2,,,경기도 성남시청,031-729-3675,2025-12-26
,시도,,판교로255번길,3,2,,,,경기도 성남시 분당구 삼평동 619,37.404442,127.100596,3,322,,횡단보도 표지,2,,,경기도 성남시청,031-729-3675,2025-12-26
,시도,,판교로255번길,3,2,,,,경기도 성남시 분당구 삼평동 622,37.403744,127.103046,2,214,,좌회전금지 표지,2,,,경기도 성남시청,031-729-3675,2025-12-26
,시도,,판교로255번길,3,1,,,,경기도 성남시 분당구 삼평동 622,37.403744,127.103046,3,329,,비보호 표지,2,,,경기도 성남시청,031-729-3675,2025-12-26
,시도,,판교로256번길,3,2,,,,경기도 성남시 분당구 삼평동 627,37.402054,127.103486,3,322,,횡단보도 표지,2,,,경기도 성남시청,031-729-3675,2025-12-26
,시도,,판교로256번길,3,2,,,,경기도 성남시 분당구 삼평동 632,37.400378,127.102083,3,322,,횡단보도 표지,2,,,경기도 성남시청,031-729-3675,2025-12-26
,시도,,판교로227번길,3,2,,,,경기도 성남시 분당구 삼평동 618,37.404024,127.100092,3,322,,횡단보도 표지,2,,,경기도 성남시청,031-729-3675,2025-12-26
,시도,,판교로228번길,3,2,,,,경기도 성남시 분당구 삼평동 625,37.401657,127.100859,3,322,,횡단보도 표지,2,,,경기도 성남시청,031-729-3675,2025-12-26
,시도,,판교로228번길,3,2,,,,경기도 성남시 분당구 삼평동 633,37.400544,127.101345,3,303,,자전거및보행자 겸용도로 표지,2,,,경기도 성남시청,031-729-3675,2025-12-26
,시도,,판교로228번길,3,2,,,,경기도 성남시 분당구 삼평동 633,37.400544,127.101345,3,322,,횡단보도 표지,2,,,경기도 성남시청,031-729-3675,2025-12-26
,시도,,판교로228번길,3,2,,,,경기도 성남시 분당구 백현동 518,37.393817,127.10315,2,221,,차높이제한 표지,2,,,경기도 성남시청,031-729-3675,2025-12-26
,시도,,판교로228번길,3,2,,,,경기도 성남시 분당구 삼평동 634-3,37.397548,127.101559,3,329,,비보호 표지,2,,,경기도 성남시청,031-729-3675,2025-12-26
,시도,,판교로228번길,3,2,,,,경기도 성남시 분당구 판교동 560-1,37.392585,127.099598,1,105,,ㅓ자형교차로 표지,2,,,경기도 성남시청,031-729-3675,2025-12-26
,시도,,판교로319번길,3,2,,,,경기도 성남시 분당구 삼평동 698,37.404682,127.105812,3,322,,횡단보도 표지,2,,,경기도 성남시청,031-729-3675,2025-12-26
,시도,,대왕판교로,3,2,,,,경기도 성남시 분당구 삼평동 694-1,37.403547,127.105436,3,311,,유턴 표지,2,,,경기도 성남시청,031-729-3675,2025-12-26
,시도,,대왕판교로,3,2,,,,경기도 성남시 분당구 삼평동 670,37.400464,127.106814,3,311,,유턴 표지,2,,,경기도 성남시청,031-729-3675,2025-12-26
,시도,,대왕판교로,3,2,,,,경기도 성남시 분당구 삼평동 641,37.396977,127.108402,3,311,,유턴 표지,2,,,경기도 성남시청,031-729-3675,2025-12-26
,시도,,대왕판교로,3,2,,,,경기도 성남시 분당구 삼평동 637-3,37.394949,127.105493,2,221,,차높이제한 표지,2,,,경기도 성남시청,031-729-3675,2025-12-26
,시도,,대왕판교로,3,2,,,,경기도 성남시 분당구 판교동 583,37.389144,127.101128,3,311,,유턴 표지,2,,,경기도 성남시청,031-729-3675,2025-12-26
,시도,,대왕판교로,3,2,,,,경기도 성남시 분당구 백현동 455-1,37.382013,127.101461,3,308,,직진및우회전 표지,2,,,경기도 성남시청,031-729-3675,2025-12-26
,시도,,대왕판교로,3,2,,,,경기도 성남시 분당구 백현동 406-15,37.37845,127.10181,2,224,,최고속도제한 표지,2,,,경기도 성남시청,031-729-3675,2025-12-26
,시도,,대왕판교로,3,2,,,,경기도 성남시 분당구 궁내동 310-3,37.374188,127.101186,2,224,,최고속도제한 표지,2,,,경기도 성남시청,031-729-3675,2025-12-26
,시도,,대왕판교로,3,2,,,,경기도 성남시 분당구 궁내동 252-4,37.370535,127.101442,2,224,,최고속도제한 표지,2,,,경기도 성남시청,031-729-3675,2025-12-26
,시도,,대왕판교로,3,2,,,,경기도 성남시 분당구 궁내동 205-3,37.36978,127.101365,3,311,,유턴 표지,2,,,경기도 성남시청,031-729-3675,2025-12-26
,시도,,대왕판교로,3,1,,,,경기도 성남시 분당구 궁내동 192-7,37.366309,127.101567,2,224,,최고속도제한 표지,2,,,경기도 성남시청,031-729-3675,2025-12-26
,시도,,대왕판교로,3,2,,,,경기도 성남시 분당구 궁내동 198-37,37.363325,127.101571,3,311,,유턴 표지,2,,,경기도 성남시청,031-729-3675,2025-12-26
,시도,,대왕판교로,3,2,,,,경기도 성남시 분당구 금곡동 323-6,37.357806,127.101401,2,224,,최고속도제한 표지,2,,,경기도 성남시청,031-729-3675,2025-12-26
,시도,,대왕판교로,3,2,,,,경기도 성남시 분당구 금곡동 364,37.353472,127.101158,3,311,,유턴 표지,2,,,경기도 성남시청,031-729-3675,2025-12-26
,시도,,대왕판교로,3,2,,,,경기도 성남시 분당구 동원동 52-2,37.344986,127.101264,2,214,,좌회전금지 표지,2,,,경기도 성남시청,031-729-3675,2025-12-26
,시도,,대왕판교로,3,1,,,,경기도 성남시 분당구 금곡동 481,37.347344,127.102131,3,322,,횡단보도 표지,2,,,경기도 성남시청,031-729-3675,2025-12-26
,시도,,대왕판교로,3,2,,,,경기도 성남시 분당구 삼평동 728,37.4017962032,127.1175416381,3,329,,비보호 표지,2,,,경기도 성남시청,031-729-3675,2025-12-26
,시도,,대왕판교로,3,1,,,,경기도 성남시 분당구 삼평동 743-2,37.3954624335,127.118418,3,327,,일시정지,2,,,경기도 성남시청,031-729-3675,2025-12-26
,시도,,동막로,3,2,,,,경기도 성남시 분당구 동원동 182-3,37.352045,127.086302,2,224,,최고속도제한 표지,2,,,경기도 성남시청,031-729-3675,2025-12-26
,시도,,동막로,3,2,,,,경기도 성남시 분당구 동원동 산 67-16,37.352502,127.080928,3,329,,비보호 표지,2,,,경기도 성남시청,031-729-3675,2025-12-26
,시도,,동막로,3,2,,,,경기도 성남시 분당구 대장동 313-1,37.362171,127.06837,3,224,,최고속도제한 표지,2,,,경기도 성남시청,031-729-3675,2025-12-26
,시도,,동막로,3,2,,,,경기도 성남시 분당구 대장동 320-6,37.359539,127.068246,3,224,,최고속도제한 표지,2,,,경기도 성남시청,031-729-3675,2025-12-26
,시도,,석운로,3,2,,,,경기도 성남시 분당구 석운동 5-56,37.380219,127.048452,3,129,,과속방지턱 표지,2,,,경기도 성남시청,031-729-3675,2025-12-26
,시도,,하오개로,3,2,,,,경기도 성남시 분당구 운중동 879-3,37.392371,127.063399,3,322,,횡단보도 표지,2,,,경기도 성남시청,031-729-3675,2025-12-26
