무인교통단속카메라관리번호,시도명,시군명,도로종류,도로노선번호,도로노선명,도로노선방향,소재지지번주소,위도,경도,설치장소,단속구분,제한속도,보호구역구분,설치연도,관리기관명,관리기관전화번호,데이터기준일자
J0772,경기도,성남시,시도,334,성남대로,3,경기도 성남시 분당구 서현동 280-2,37.38231701,127.1220931,서현사거리(정자역→성남시청),2,60,99.0,2023,경기도남부경찰청,031-888-3952,2025-09-08
J0777,경기도,성남시,지방도,3,동막로,3,경기도 성남시 분당구 동원동 294,37.3520861,127.0857658,이우학교입구삼거리(미금역→서분당IC),2,60,99.0,2023,경기도남부경찰청,031-888-3952,2025-09-08
J0779,경기도,성남시,지방도,3,서현로,3,경기도 성남시 분당구 서현동 96,37.3813736,127.1316613,서현중학교 앞(판교역→장안중학교),2,60,99.0,2023,경기도남부경찰청,031-888-3952,2025-09-08
J0845,경기도,성남시,시도,23,양현로,3,경기도 성남시 분당구 이매동 129-11,37.4037552,127.1253424,꾸러기유치원 앞 어린이보호구역(분당구청→성남시청),2,30,2.0,2023,경기도남부경찰청,031-888-3952,2025-09-08
J0846,경기도,성남시,시도,23,양현로,3,경기도 성남시 분당구 이매동 129-11,37.40339201,127.1253831,꾸러기유치원 앞 어린이보호구역(성남시청→분당구청),2,30,2.0,2023,경기도남부경찰청,031-888-3952,2025-09-08
J0847,경기도,성남시,시도,23,동판교로,3,경기도 성남시 분당구 삼평동 742-2,37.39623801,127.1168791,보평초교사거리 어린이보호구역(보평고교→삼평중학교),2,30,2.0,2023,경기도남부경찰청,031-888-3952,2025-09-08
J0570,경기도,성남시,시도,23,판교대장5길,3,경기도 성남시 분당구 대장동 635,37.3673608,127.0709122,반디유치원 입구 어린이보호구역(대장초교)(대장초교→판교풍경채5단지),2,30,2.0,2023,경기도남부경찰청,031-888-3952,2025-09-08
J0572,경기도,성남시,시도,57,판교대장로,3,경기도 성남시 분당구 대장동 602-7,37.3704075,127.0687521,판교대장중학교 앞 사거리 어린이보호구역(대장초교)(서판교터널→고기동),2,30,2.0,2023,경기도남부경찰청,031-888-3952,2025-09-08
J0573,경기도,성남시,시도,23,판교대장로,3,경기도 성남시 분당구 대장동 660-1,37.3635345,127.0667373,판교디오르나인오피스텔 앞 사거리(대장중학교→고기동),2,50,99.0,2023,경기도남부경찰청,031-888-3952,2025-09-08
J0574,경기도,성남시,시도,23,판교대장5길,3,경기도 성남시 분당구 대장동 160,37.3696015,127.0705346,판교대장초교 앞 어린이보호구역(판교풍경채5단지→판교SK뷰테라스),2,30,2.0,2023,경기도남부경찰청,031-888-3952,2025-09-08
J0576,경기도,성남시,시도,23,판교원로82번길,3,경기도 성남시 분당구 운중동 917-11,37.3871253,127.0748692,두림사거리 전 100m지점(서판교터널→운중도서관),2,50,99.0,2023,경기도남부경찰청,031-888-3952,2025-09-08
J0577,경기도,성남시,시도,23,판교원로82번길,3,경기도 성남시 분당구 운중동 917-13,37.3846352,127.0743161,서판교성당 지나 100m지점(서판교터널→운중도서관),2,50,99.0,2023,경기도남부경찰청,031-888-3952,2025-09-08
H8902,경기도,성남시,시도,342,백현로144번길,3,경기도 성남시 분당구 정자동 93-12,37.37199301,127.1122291,백현초교 어린이보호구역(느티마을공무원3단지→수내1동),2,30,2.0,2023,경기도남부경찰청,031-888-3952,2025-09-08
H9210,경기도,성남시,시도,23번,느티로65번길,3,경기도 성남시 분당구 정자동 93-5,37.37125301,127.1118731,백현초교 후문 어린이보호구역(양지마을→백현중학교),1,30,2.0,2023,경기도남부경찰청,031-888-3952,2025-09-08
J0396,경기도,성남시,지방도,338,판교원로,3,경기도 성남시 분당구 판교동 479-10,37.3850102,127.0881926,하산운지하차도 전 100m지점(서판교IC→한국잡월드),1,60,99.0,2024,경기도남부경찰청,031-888-3952,2025-09-08
H8774,경기도,성남시,시도,100,중앙공원로40번길,3,경기도 성남시 분당구 서현동 96번지 시범단지우성아파트,37.3796372,127.1313876,분당어린이공원 어린이보호구역(분당초교)(서현역→분당어린이공원),1,30,2.0,2023,경기도남부경찰청,031-888-3952,2025-09-08
H8811,경기도,성남시,시도,6,탄천로,3,경기도 성남시 분당구 야탑동 485-13,37.40732401,127.1236961,더늘사랑어린이집 건너편 어린이보호구역(아름사거리→탄천종합운동장),2,30,2.0,2023,경기도남부경찰청,031-888-3952,2025-09-08
H9923,경기도,성남시,시도,6,동판교로,3,경기도 성남시 분당구 백현동 546-6,37.39060301,127.1167501,백현마을4단지 입구 어린이보호구역(화랑초교)(보평중학교→신백현초교),2,30,2.0,2023,경기도남부경찰청,031-888-3952,2025-09-08
H9565,경기도,성남시,시도,4,돌마로356번길,3,경기도 성남시 분당구 수내동 74번지,37.3675201,127.1252691,수내초교 후문 앞 어린이보호구역(수내역→수내3동행정복지센터),1,30,2.0,2023,경기도남부경찰청,031-888-3952,2025-09-08
H9894,경기도,성남시,시도,6,금곡로,3,경기도 성남시 분당구 금곡동 243,37.35455101,127.1146411,청솔초교 앞 어린이보호구역(돌마교사거리→금곡사거리),2,30,2.0,2023,경기도남부경찰청,031-888-3952,2025-09-08
H9895,경기도,성남시,시도,6,판교로,3,경기도 성남시 분당구 삼평동 717-6,37.4042961,127.1157388,송현초교사거리 어린이보호구역(벌말사거리→봇들사거리),2,30,2.0,2023,경기도남부경찰청,031-888-3952,2025-09-08
H9896,경기도,성남시,시도,6,양현로,3,경기도 성남시 분당구 야탑동 207-2번지,37.41483901,127.1388671,뽀뽀뽀유치원 앞 어린이보호구역(도촌사거리→여수동입구사거리),2,30,2.0,2023,경기도남부경찰청,031-888-3952,2025-09-08
H9897,경기도,성남시,시도,6,양현로94번길,3,경기도 성남시 분당구 이매동 117번지 이매촌,37.39066501,127.1267781,이매촌동신3단지 정문 어린이보호구역(안말초교)(서현근린공원→구렛들공원),2,30,2.0,2023,경기도남부경찰청,031-888-3952,2025-09-08
H9898,경기도,성남시,시도,6,내정로,3,경기도 성남시 분당구 정자동 195번지,37.36173301,127.1148901,탄천초교 앞 삼거리 어린이보호구역(계원삼거리→신기사거리),2,30,2.0,2023,경기도남부경찰청,031-888-3952,2025-09-08
H9842,경기도,성남시,시도,23,돌마로,3,경기도 성남시 분당구 야탑동 197-1,37.40926701,127.1437161,성은학교 앞 어린이보호구역(상탑사거리→도촌사거리),1,50,2.0,2023,경기도남부경찰청,031-888-3952,2025-09-08
H9843,경기도,성남시,시도,5,성남대로172번길,3,경기도 성남시 분당구 금곡동 150번지,37.35445701,127.1147171,즐거운유치원 앞 어린이보호구역(구미1동행정복지센터→미금역),1,30,2.0,2023,경기도남부경찰청,031-888-3952,2025-09-08
H9845,경기도,성남시,시도,23,미금로,3,경기도 성남시 분당구 구미동 109,37.34473601,127.1161111,주공5단지아파트 504동 앞 어린이보호구역(오리초교)(구미교→미금초교),2,30,2.0,2023,경기도남부경찰청,031-888-3952,2025-09-08
H9846,경기도,성남시,시도,342,금곡로25번길,3,경기도 성남시 분당구 구미동 198-4,37.34445401,127.1120721,구미동어린이집 어린이보호구역(구미1동행정복지센터→오리공원),2,30,2.0,2023,경기도남부경찰청,031-888-3952,2025-09-08
H9847,경기도,성남시,시도,5,금곡로25번길,3,경기도 성남시 분당구 구미동 198-4,37.34440601,127.1119981,구미동어린이집 어린이보호구역(오리공원→구미1동행정복지센터),2,30,2.0,2023,경기도남부경찰청,031-888-3952,2025-09-08
H9848,경기도,성남시,시도,204,금곡로,3,경기도 성남시 분당구 금곡동 214,37.35445701,127.1147171,청솔초교 앞 어린이보호구역(청솔중교→돌마교사거리 ),2,30,2.0,2023,경기도남부경찰청,031-888-3952,2025-09-08
H9850,경기도,성남시,시도,5,판교로,3,경기도 성남시 분당구 야탑동 158번지 목련마을대진빌라,37.40550101,127.1447851,상탑초교 앞 삼거리 어린이보호구역(돌마사거리→야탑고교),2,30,2.0,2023,경기도남부경찰청,031-888-3952,2025-09-08
H5684,경기도,성남시,시도,23번,동판교로,3,경기도 성남시 분당구 삼평동 709-1,37.4050679,127.1154659,송현초교 앞 어린이보호구역(봇들마을1단지→봇들마을3단지),2,30,2.0,2022,경기도남부경찰청,031-888-3952,2025-09-08
H5685,경기도,성남시,시도,23번,중앙공원로32번길,3,경기도 성남시 분당구 서현동 289-4,37.3784477,127.1312862,현대 424동 앞 어린이보호구역(분당초)(분당초교→효자촌현대),2,30,2.0,2022,경기도남부경찰청,031-888-3952,2025-09-08
H3416,경기도,성남시,지방도,3번,안양판교로,3,경기도 성남시 분당구 운중동 213-1,37.3908589,127.0618771,운중교차로 앞(의왕→판교),1,60,99.0,2022,경기도남부경찰청,031-888-3952,2025-09-08
H6688,경기도,성남시,시도,3번,양현로,3,경기도 성남시 분당구 야탑동 327-1,37.4143226,127.1413117,주공3단지정문 어린이보호구역(뽀뽀뽀유치원)(여수동입구사거리→도촌사거리),2,30,2.0,2022,경기도남부경찰청,031-888-3952,2025-09-08
H2848,경기도,성남시,시도,3번,판교원로,3,경기도 성남시 분당구 운중동 927번지,37.3889372,127.0785225,산운초교 정문 앞 어린이보호구역(서울진주초대교회→판교중학교),2,30,2.0,2022,경기도남부경찰청,031-888-3952,2025-09-08
H6272,경기도,성남시,시도,3번,양현로,3,경기도 성남시 분당구 이매동 129-2,37.3932006,127.1250487,안말초교 어린이보호구역(양현사거리→안말사거리),2,30,2.0,2022,경기도남부경찰청,031-888-3952,2025-09-08
H5668,경기도,성남시,시도,3번,판교원로,3,경기도 성남시 분당구 판교동 638-3,37.3862288,127.0916355,판교초교정문 앞 어린이보호구역(낙생고교→판교초삼거리),1,30,2.0,2022,경기도남부경찰청,031-888-3952,2025-09-08
J3296,경기도,성남시,시도,57번,판교로,3,경기도 성남시 분당구 야탑동 162번지 목련마을,37.4057956,127.1446055,상탑초교 앞 삼거리 어린이보호구역(분당테크노파크→하탑중학교),2,30,2.0,2024,경기도남부경찰청,031-888-3952,2025-09-08
J3298,경기도,성남시,시도,100,내정로165번길,3,경기도 성남시 분당구 수내동 31,37.3752405,127.1171485,초림어린이공원 앞 어린이보호구역(초림초교)(수내역→수내동우체국),2,30,2.0,2024,경기도남부경찰청,031-888-3952,2025-09-08
J3300,경기도,성남시,시도,3번,판교원로82번길,3,경기도 성남시 분당구 운중동 922-4,37.3887858,127.0754469,판교원2사거리 어린이보호구역(산운초교)(서판교터널→운중도서관),1,30,2.0,2024,경기도남부경찰청,031-888-3952,2025-09-08
H5672,경기도,성남시,시도,3번,돌마로476번길,3,경기도 성남시 분당구 서현동 303번지,37.3749498,127.1352549,서당초교 앞 어린이보호구역(서현역→분당등기소),1,30,2.0,2022,경기도남부경찰청,031-888-3952,2025-09-08
J2604,경기도,성남시,지방도,3,서현로,3,경기도 성남시 분당구 서현동 234번지,37.38354287,127.1324418,안골입구사거리(서현로)(서당사거리→판교IC),2,60,99.0,2024,경기도남부경찰청,031-888-3952,2025-09-08
J2606,경기도,성남시,지방도,23번,대왕판교로,3,경기도 성남시 분당구 궁내동 198-38,37.36339562,127.1018407,"쇳골마을입구삼거리 1,2차로(용인→판교IC)",2,60,99.0,2024,경기도남부경찰청,031-888-3952,2025-09-08
J2607,경기도,성남시,지방도,23번,대왕판교로,3,경기도 성남시 분당구 궁내동 198-38,37.36339562,127.1018407,"쇳골마을입구삼거리 3,4차로(용인→판교IC)",2,60,99.0,2024,경기도남부경찰청,031-888-3952,2025-09-08
J2608,경기도,성남시,시도,23번,운중로,3,경기도 성남시 분당구 운중동 941번지,37.39124253,127.0785341,운중동복지센터사거리(운중로)(의왕→낙생고교),2,50,99.0,2024,경기도남부경찰청,031-888-3952,2025-09-08
J1552,경기도,성남시,시도,6,구미로,3,경기도 성남시 분당구 구미동 303-1,37.33805601,127.1179471,구미어린이공원 입구 앞 어린이보호구역(구미초교)(오리역→구미파출소),2,30,2.0,2024,경기도남부경찰청,031-888-3952,2025-09-08
J1553,경기도,성남시,시도,6,미금로,3,경기도 성남시 분당구 구미동 95-3,37.34831101,127.1160101,벌말공원 앞 어린이보호구역(미금초교)(청솔마을→오리초교),2,30,2.0,2024,경기도남부경찰청,031-888-3952,2025-09-08
J0527,경기도,성남시,시도,5,미금로,3,경기도 성남시 분당구 구미동 303-1,37.3366242,127.1167035,가나안교회 앞 어린이보호구역(구미초교)(죽전도서관→미금역),2,30,2.0,2023,경기도남부경찰청,031-888-3952,2025-09-08
J0528,경기도,성남시,시도,100,성남대로407번길,3,경기도 성남시 분당구 정자동 95-2,37.3724442,127.1061545,늘푸른고교교차로 어린이보호구역(정자초교)(백궁삼거리→늘푸른고교),2,30,2.0,2024,경기도남부경찰청,031-888-3952,2025-09-08
J0491,경기도,성남시,시도,7,성남대로,3,경기도 성남시 분당구 금곡동 222번지,37.3502127,127.1087722,미금역사거리(정자역→오리역),1,60,99.0,2023,경기도남부경찰청,031-888-3952,2025-09-08
J0768,경기도,성남시,시도,61,돌마로,3,경기도 성남시 분당구 야탑동 197-1,37.4129459,127.1438896,동원SK삼거리(성은학교→중원구청),2,60,99.0,2024,경기도남부경찰청,031-888-3952,2025-09-08
분당운중-A-120,경기도,성남시,기타,342,운중로,3,경기도 성남시 분당구 운중동 893,37.39215,127.06807,운중초등학교 정문,4,0,2.0,2021,경기도 성남시청,031-729-8743,2025-11-11
분당삼평-A-36,경기도,성남시,기타,57,동판교로,3,경기도 성남시 분당구 삼평동 706-2,37.405111,127.115452,송현초등학교 정문,4,0,2.0,2021,경기도 성남시청,031-729-8743,2025-11-11
분당백현-D-1,경기도,성남시,지방도,3,대왕판교로,3,경기도 성남시 분당구 백현동 532,37.395498,127.110364,동안교삼거리-우측,4,0,2.0,2011,경기도 성남시청,031-729-8743,2025-11-11
분당백현-D-3,경기도,성남시,기타,23,판교역로,3,경기도 성남시 분당구 백현동 530,37.394499,127.108334,환승주차장삼거리-하행,4,0,2.0,2011,경기도 성남시청,031-729-8743,2025-11-11
J5975,경기도,성남시,시도,3,판교역로,3,경기도 성남시 분당구 백현동 528번지,37.3894901,127.1086731,판교노인종합복지관 앞 노인보호구역(판교역→판교어린이도서관),2,30,99.0,2024,경기도남부경찰청,031-888-3952,2025-09-08
J5976,경기도,성남시,시도,34,판교역로,3,경기도 성남시 분당구 백현동 528번지,37.38999401,127.1091851,판교노인종합복지관 건너편 노인보호구역(판교어린이도서관→판교역),2,30,99.0,2024,경기도남부경찰청,031-888-3952,2025-09-08
분당백현-D-4,경기도,성남시,기타,3번,분당내곡로,3,경기도 성남시 분당구 백현동 534,37.39546,127.11213,광장삼거리백범초교 앞,4,0,99.0,2011,경기도 성남시청,031-729-8743,2025-11-11
분당백현-D-5,경기도,성남시,기타,31,분당내곡로,3,경기도 성남시 분당구 백현동 542-3,37.392714,127.11321,광장삼거리 석운고교 앞,4,0,1.0,2011,경기도 성남시청,031-729-8743,2025-11-11
분당백현-D-6,경기도,성남시,기타,3번,판교역로,3,경기도 성남시 분당구 백현동 541,37.392795,127.112088,광장삼거리 석운고교 건너편,4,0,99.0,2011,경기도 성남시청,031-729-8743,2025-11-11
분당백현-D-7,경기도,성남시,기타,3,판교역로,3,경기도 성남시 분당구 백현동 541,37.392795,127.112088,보평중 북측,4,0,2.0,2011,경기도 성남시청,031-729-8743,2025-11-11
분당백현-D-8,경기도,성남시,지방도,3번,서현로,3,경기도 성남시 분당구 백현동 555-1,37.391551,127.110266,보평중 서측,4,0,2.0,2011,경기도 성남시청,031-729-8743,2025-11-11
분당백현-D-9,경기도,성남시,기타,3,동판교로,3,경기도 성남시 분당구 백현동 551,37.388336,127.115039,백현사거리 율곡초교,4,0,2.0,2011,경기도 성남시청,031-729-8743,2025-11-11
분당백현-D-10,경기도,성남시,지방도,1,대왕판교로,3,경기도 성남시 분당구 백현동 472-271,37.37695,127.102028,국지도23호KIS건너편,4,0,99.0,2011,경기도 성남시청,031-729-8743,2025-11-11
분당백현-D-11,경기도,성남시,기타,23번,판교역로,3,경기도 성남시 분당구 백현동 530번지,37.393799,127.109593,알파리움 국민은행 옆,4,0,2.0,2020,경기도 성남시청,031-729-8743,2025-11-11
J2595,경기도,성남시,시도,,서현로,3,경기도 성남시 분당구 백현동 541번지,37.39265366,127.1120371,느티나무사거리(서현로)(판교IC→매송사거리),2,60,2.0,2024,경기도남부경찰청,031-888-3952,2025-09-08
J2596,경기도,성남시,시도,,서현로,3,경기도 성남시 분당구 이매동 127-10,37.38972621,127.1232887,"풍림아이원 앞 사거리  1,2차로(이매사거리→판교IC)",2,60,99.0,2024,경기도남부경찰청,031-888-3952,2025-09-08
J2601,경기도,성남시,시도,,서현로,3,경기도 성남시 분당구 이매동 127-10,37.38972621,127.1232887,"풍림아이원 앞 사거리  3,4차로(이매사거리→판교IC)",2,60,99.0,2024,경기도남부경찰청,031-888-3952,2025-09-08
J5716,경기도,성남시,시도,,구미로173번길,3,경기도 성남시 분당구 구미동 297-2번지,37.3470075,127.1241069,서울시니어타워 노인보호구역(분당서울대병원→구미중학교),2,30,99.0,2024,경기도남부경찰청,031-888-3952,2025-09-08
J3407,경기도,성남시,시도,,미금로,1,경기도 성남시 분당구 금곡동 215,37.3525691,127.1122198,성원아파트 앞 어린이보호구역(이솔유치원)(청솔마을사거리→까치마을사거리),2,30,99.0,2023,경기도남부경찰청,031-888-3952,2025-09-08
J6428,경기도,성남시,시도,,동판교로,3,경기도 성남시 분당구 삼평동 718-7,37.4028682,127.1170058,봇들마을4단지 앞 어린이보호구역(삼평유치원)(삼평중학교→송현초교),2,30,2.0,2024,경기도남부경찰청,031-888-3952,2025-09-08
J6941,경기도,성남시,시도,,성남대로,3,경기도 성남시 분당구 수내동 40-4,37.37584101,127.1125081,정자사거리(분당구청→정자역),2,60,99.0,2024,경기도남부경찰청,031-888-3952,2025-09-08
J3374,경기도,성남시,시도,,서현로,3,경기도 성남시 분당구 서현동 280-1,37.3887965,127.1237422,LG분당에클라트1차 앞(양현사거리→이매사거리),2,60,99.0,2023,경기도남부경찰청,031-888-3952,2025-09-08
J5736,경기도,성남시,지방도,,대왕판교로,3,경기도 성남시 분당구 궁내동 205-20번지,37.36934429,127.1014205,궁내빌딩 앞(낙생고교→금곡IC),2,60,2.0,2024,경기도남부경찰청,031-888-3952,2025-09-08
J5737,경기도,성남시,시도,,판교로,3,경기도 성남시 분당구 운중동 1017-3번지,37.39043324,127.0852897,하산운사거리(성내미터널→남서울CC),2,50,2.0,2024,경기도남부경찰청,031-888-3952,2025-09-08
J4553,경기도,성남시,시도,,미금로,3,경기도 성남시 분당구 구미동 303-1,37.3356564,127.1177352,대림아파트1단지 정문 어린이보호구역(오리초교→죽전도서관),2,30,2.0,2024,경기도남부경찰청,031-888-3952,2025-09-08
J4555,경기도,성남시,시도,,장미로,3,경기도 성남시 분당구 야탑동 488-5,37.4127745,127.1426566,아델파크빌오피스텔 앞(중탑초교→SK뷰아파트),2,50,2.0,2024,경기도남부경찰청,031-888-3952,2025-09-08
J4558,경기도,성남시,시도,,매화로,3,경기도 성남시 분당구 야탑동 488-5,37.4119729,127.1339726,탑어린이공원입구 어린이보호구역(성마르코유치원)(중앙도서관→여수초교),2,30,2.0,2024,경기도남부경찰청,031-888-3952,2025-09-08
J4559,경기도,성남시,시도,,매화로,3,경기도 성남시 분당구 야탑동 390번지,37.4106824,127.1337737,분당야탑동성당 앞 어린이보호구역(성마르코유치원)(성남여수초교→중앙도서관),2,30,2.0,2024,경기도남부경찰청,031-888-3952,2025-09-08
J5326,경기도,성남시,시도,,판교대장로,2,경기도 성남시 분당구 대장동 627-5번지,37.36706901,127.0679956,판교풍경채어바니티7단지 앞 어린이보호구역(대장초교)(서판교터널→고기동),2,30,2.0,2024,경기도남부경찰청,031-888-3952,2025-09-08
H2851,경기도,성남시,시도,,분당로263번길,3,경기도 성남시 분당구 분당동 67,37.3719131,127.1406773,수련어린이공원 앞 어린이보호구역(장안초교)(분당남부교회→분,2,30,2.0,2022,경기도남부경찰청,031-888-3952,2025-09-08
H2852,경기도,성남시,시도,,성남대로779번길,3,경기도 성남시 분당구 이매동 107번지,37.3990353,127.1277018,분당119구조대 앞 어린이보호구역(이매초교)(이매동성당→성남아,2,30,2.0,2022,경기도남부경찰청,031-888-3952,2025-09-08
H2854,경기도,성남시,시도,,황새울로,3,경기도 성남시 분당구 정자동 189-3,37.3659604,127.1097384,성남신기초등학교 앞 어린이보호구역(분당구청→분당중학교),2,30,2.0,2022,경기도남부경찰청,031-888-3952,2025-09-08
H2855,경기도,성남시,시도,,서판교로,3,경기도 성남시 분당구 판교동 552번지 판교원마을10단지아파트,37.3946182,127.0980704,낙생초등학교 앞 어린이보호구역(낙원중학교→판교동행정복지센터),2,30,2.0,2022,경기도남부경찰청,031-888-3952,2025-09-08
분당운중-A-14,경기도,성남시,기타,,산운로,3,경기도 성남시 분당구 운중동 892-9,37.392082,127.067911,E2-1블럭 내 운중초등학교 정면,4,0,2.0,2013,경기도 성남시청,031-729-8743,2025-11-11
분당운중-A-63,경기도,성남시,기타,,판교원로,3,경기도 성남시 분당구 운중동 927-1,37.389848,127.077935,산운초등학교 정문,4,0,99.0,2013,경기도 성남시청,031-729-8743,2025-11-11
분당운중-A-119,경기도,성남시,기타,,판교로,3,경기도 성남시 분당구 운중동 927,37.38905,127.07841,산운초등학교 정문,4,0,99.0,2021,경기도 성남시청,031-729-8743,2025-11-11
분당야탑3-A-6,경기도,성남시,기타,,야탑로,3,경기도 성남시 분당구 야탑동 161,37.406209,127.145692,상탑초등학교 정문,4,0,99.0,2012,경기도 성남시청,031-729-8743,2025-11-11
분당야탑3-A-7,경기도,성남시,기타,,벌말로,3,경기도 성남시 분당구 야탑동 212,37.413924,127.139685,중탑초등학교 정문,4,0,99.0,2012,경기도 성남시청,031-729-8743,2025-11-11
분당금곡-D-1,경기도,성남시,기타,,돌마로,3,경기도 성남시 분당구 금곡동 153,37.350396,127.110802,미금역2번출구 썬프라자,4,0,99.0,2006,경기도 성남시청,031-729-8743,2025-11-11
J6047,경기도,성남시,지방도,,대왕판교로606번길,3,경기도 성남시 분당구 삼평동 639-3,37.39607853,127.1066666,화랑공원삼거리(판교테크노중앙사거리→낙생고등학교),2,60,2.0,2024,경기도남부경찰청,031-888-3952,2025-09-08
J6048,경기도,성남시,시도,,하오개로,3,경기도 성남시 분당구 운중동 900-3,37.3921101,127.0636388,연구원사거리 어린이보호구역(운중초교)(성산운삼거리→한국학중앙연구원),2,30,99.0,2024,경기도남부경찰청,031-888-3952,2025-09-08
분당백현-D-12,경기도,성남시,기타,,판교역로,3,경기도 성남시 분당구 백현동567,37.385768,127.109101,백현마을 정문,4,0,2.0,2021,경기도 성남시청,031-729-8743,2025-11-11
분당백현-D-14,경기도,성남시,기타,,동판교로,3,경기도 성남시 분당구 백현동 546-6,37.38921,127.116771,성남화랑초등학교 맞은편,4,0,2.0,2024,경기도 성남시청,031-729-8743,2025-11-11
분당백현-D-15,경기도,성남시,기타,,동판교로,3,경기도 성남시 분당구 백현동 544,37.394597,127.11838,보평고등학교 인근,4,0,2.0,2025,경기도 성남시청,031-729-8743,2025-11-11
분당운중-D-2,경기도,성남시,기타,,운중로,3,경기도 성남시 분당구 운중동 944,37.391313,127.077331,운중주민센터사거리,4,0,2.0,2021,경기도 성남시청,031-729-8743,2025-11-11
분당운중-D-3,경기도,성남시,기타,,판교대장로,3,경기도 성남시 분당구 대장동 84-4,37.372068,127.069349,지하주차장 출입구,4,0,2.0,2021,경기도 성남시청,031-729-8743,2025-11-11
분당운중-D-4,경기도,성남시,기타,,판교대장로,3,경기도 성남시 분당구 대장동 29-1,37.371762,127.071492,클라우드베이 5차 주변,4,0,2.0,2021,경기도 성남시청,031-729-8743,2025-11-11
분당운중-D-6,경기도,성남시,기타,,판교대장로,3,경기도 성남시 분당구 대장동 187-4,37.367721,127.070795,야외주차장 앞 사거리,4,0,2.0,2021,경기도 성남시청,031-729-8743,2025-11-11
분당운중-D-7,경기도,성남시,기타,,판교대장로,3,경기도 성남시 분당구 대장동 246-1,37.365102,127.068431,야외주차장 앞 삼거리,4,0,99.0,2021,경기도 성남시청,031-729-8743,2025-11-11
분당운중-D-8,경기도,성남시,기타,,판교대장로,3,경기도 성남시 분당구 대장동 236,37.3638,127.06715,디오르나인사이트A 앞 삼거리,4,0,99.0,2021,경기도 성남시청,031-729-8743,2025-11-11
J5195,경기도,성남시,시도,,판교로,3,경기도 성남시 분당구 판교동 512번지,37.3999265,127.0951264,성내미사거리(성내미터널→성남시청),2,50,1.0,2024,경기도남부경찰청,031-888-3952,2025-09-08
J5196,경기도,성남시,시도,,운중로,3,경기도 성남시 분당구 운중동 898-6,37.3908022,127.0852289,하산운사거리(판교동행정복지센터→운중고교),2,50,99.0,2024,경기도남부경찰청,031-888-3952,2025-09-08
J4340,경기도,성남시,시도,,판교원로,3,경기도 성남시 분당구 운중동 921-9번지,37.3896699,127.0731649,운중하나어린이집 건너편 어린이보호구역(산운초교→운중교),2,30,2.0,2024,경기도남부경찰청,031-888-3952,2025-09-08
J4342,경기도,성남시,시도,,양현로,3,경기도 성남시 분당구 이매동 129-9,37.3966178,127.1252668,이매초교 앞 어린이보호구역(성남시청→분당구청),2,30,2.0,2024,경기도남부경찰청,031-888-3952,2025-09-08
J4345,경기도,성남시,지방도,,서현로,3,경기도 성남시 분당구 분당동 113번지 장안타운건영빌라,37.3717503,127.1474903,건영3차빌라 정문 앞(분당성요한성당→서현중학교),2,60,2.0,2024,경기도남부경찰청,031-888-3952,2025-09-08
J4346,경기도,성남시,시도,,양현로,3,경기도 성남시 분당구 이매동 118번지,37.3929075,127.1248472,안말초교 정문 건너편 어린이보호구역(이매초교→분당소방서),2,30,99.0,2024,경기도남부경찰청,031-888-3952,2025-09-08
분당금곡-D-2,경기도,성남시,기타,,돌마로,3,경기도 성남시 분당구 금곡동 166,37.350382,127.107131,미금역7번출구 이코노샤르망,4,0,2.0,2006,경기도 성남시청,031-729-8743,2025-11-11
분당금곡-D-4,경기도,성남시,지방도,,대왕판교로,3,경기도 성남시 분당구 금곡동 90-4,37.362915,127.102249,국지도23호쇳골 입구 삼거리,4,0,2.0,2011,경기도 성남시청,031-729-8743,2025-11-11
분당금곡-D-5,경기도,성남시,기타,,성남대로172번길,3,경기도 성남시 분당구 금곡동 146,37.351566,127.11073,청솔어린이공원 앞,4,0,2.0,2020,경기도 성남시청,031-729-8743,2025-11-11
분당금곡-A-9,경기도,성남시,기타,,정자일로6번길,3,경기도 성남시 분당구 금곡동 199-2번지,37.350586,127.107925,천사의도시1차 오피스텔 주차장입구,4,0,2.0,2020,경기도 성남시청,031-729-8743,2025-11-11
분당궁내-D-1,경기도,성남시,지방도,,대왕판교로,3,경기도 성남시 분당구 궁내동 302-8,37.375802,127.101376,GS충전소앞,4,0,99.0,2011,경기도 성남시청,031-729-8743,2025-11-11
분당구미-D-2,경기도,성남시,일반국도,,성남대로,3,경기도 성남시 분당구 구미동 185-3,37.338851,127.109393,오리역3번출구 오랜지약국앞,4,0,2.0,2006,경기도 성남시청,031-729-8743,2025-11-11
분당구미-D-3,경기도,성남시,기타,,돌마로,3,경기도 성남시 분당구 구미1동 24-2,37.349687,127.110382,미금역 3번출구 현대벤처빌,4,0,2.0,2006,경기도 성남시청,031-729-8743,2025-11-11
분당구미-A-16,경기도,성남시,기타,,미금로,3,경기도 성남시 분당구 구미동 215,37.337755,127.118399,구미초등학교 주변,4,0,2.0,2014,경기도 성남시청,031-729-8743,2025-11-11
분당구미-A-17,경기도,성남시,기타,,무지개로,3,경기도 성남시 분당구 구미동 241,37.340984,127.119732,불곡초등학교 주변,4,0,2.0,2014,경기도 성남시청,031-729-8743,2025-11-11
G4102,경기도,성남시,고속국도,,수도권제1순환고속도로,2,경기도 성남시 분당구 운중동 526,37.39570901,127.0475031,"수도권제1순환고속도로 123.3km 시점 1,2차로",99,100,99.0,2020,경기도남부경찰청,031-888-3952,2025-09-08
G4103,경기도,성남시,고속국도,,수도권제1순환고속도로,1,경기도 성남시 분당구 운중동 526,37.39567801,127.0475151,"수도권제1순환고속도로 123.3km 시점 3,4차로",99,100,99.0,2020,경기도남부경찰청,031-888-3952,2025-09-08
J4255,경기도,성남시,기타,,대왕판교로712번길,3,경기도 성남시 분당구 삼평동 산 2-27,37.40724758,127.1038002,"수도권제1순환고속도로 0.9km 시점 1,2차로(청계TG→성남TG)",99,100,99.0,2025,경기도남부경찰청,031-888-3952,2025-09-08
H7037,경기도,성남시,시도,,판교공원로,3,경기도 성남시 분당구 판교동 634-3,37.3876071,127.0894153,판교원마을5단지 입구 어린이보호구역(판교초)(운중로→판교원로),2,30,99.0,2022,경기도남부경찰청,031-888-3952,2025-09-08
분당정자1-A-3,경기도,성남시,기타,,백현다릿길,3,경기도 성남시 분당구 정자1동 6-2,37.373847,127.104387,정자초등학교 정문,4,0,99.0,2021,경기도 성남시청,031-729-8743,2025-11-11
분당정자1-A-9,경기도,성남시,기타,,황새울로,3,경기도 성남시 분당구 정자동 89,37.366582,127.11106,신기초등학교 주변,4,0,99.0,2014,경기도 성남시청,031-729-8743,2025-11-11
분당정자1-A-11,경기도,성남시,기타,,정자일로,3,경기도 성남시 분당구 정자동 178-5,37.358334,127.105671,늘푸른초등학교 주변,4,0,2.0,2014,경기도 성남시청,031-729-8743,2025-11-11
분당정자2-D-1,경기도,성남시,기타,,돌마로,3,경기도 성남시 분당구 정자동 113번지,37.36619,127.11886,한솔초등학교 정문,4,0,99.0,2021,경기도 성남시청,031-729-8743,2025-11-11
분당야탑1-D-1,경기도,성남시,일반국도,,성남대로,3,경기도 성남시 분당구 야탑동 352-4,37.412043,127.12729,야탑역4번출구 하이마트,4,0,99.0,2008,경기도 성남시청,031-729-8743,2025-11-11
분당야탑1-D-3,경기도,성남시,기타,,양현로,3,경기도 성남시 분당구 야탑동 327-1,37.415501,127.137441,야탑중학교 건너편,4,0,2.0,2016,경기도 성남시청,031-729-8743,2025-11-11
분당야탑1-D-4,경기도,성남시,기타,,성남대로,3,경기도 성남시 분당구 야탑1동 364-2,37.41224,127.12945,제1환승공영주차장 출구,4,0,2.0,2020,경기도 성남시청,031-729-8743,2025-11-11
분당수내1-D-2,경기도,성남시,기타,,황새울로,3,경기도 성남시 분당구 수내1동 12-1,37.379502,127.115041,재규어랜드로버 앞,4,0,99.0,2022,경기도 성남시청,031-729-8743,2025-11-11
분당수내1-A-27,경기도,성남시,기타,,내정로,3,경기도 성남시 분당구 수내1동 28-3,37.37406,127.11872,신한은행 앞,4,0,99.0,2021,경기도 성남시청,031-729-8743,2025-11-11
분당수내2-D-2,경기도,성남시,기타,,내정로,3,경기도 성남시 분당구 수내동 55,37.371902,127.12017,동신파크 하나은행앞,4,0,99.0,2006,경기도 성남시청,031-729-8743,2025-11-11
분당수내2-D-3,경기도,성남시,기타,,내정로,3,경기도 성남시 분당구 수내동 63-1,37.370357,127.122641,동신코아앞,4,0,99.0,2006,경기도 성남시청,031-729-8743,2025-11-11
분당수내2-A-9,경기도,성남시,기타,,내정로,3,경기도 성남시 분당구 수내2동 57,37.37269,127.12148,내정초등학교 후문,4,0,2.0,2021,경기도 성남시청,031-729-8743,2025-11-11
분당수내3-A-7,경기도,성남시,기타,,돌마로,3,경기도 성남시 분당구 수내동 81,37.367761,127.124663,수내초등학교 주변,4,0,2.0,2014,경기도 성남시청,031-729-8743,2025-11-11
분당정자-D-1,경기도,성남시,기타,,황새울로,3,경기도 성남시 분당구 정자동 99-3,37.3719,127.1097,백현중학교,4,0,2.0,2023,경기도 성남시청,031-729-8743,2025-11-11
분당정자-D-3,경기도,성남시,기타,,내정로,3,경기도 성남시 분당구 정자동 127-3,37.362136,127.114476,한솔프라자앞,4,0,2.0,2006,경기도 성남시청,031-729-8743,2025-11-11
분당정자1-D-1,경기도,성남시,일반국도,,성남대로,3,경기도 성남시 분당구 정자동 15-2,37.370561,127.107512,두산위브파빌리온 앞,4,0,2.0,2008,경기도 성남시청,031-729-8743,2025-11-11
분당정자1-D-2,경기도,성남시,일반국도,,성남대로,3,경기도 성남시 분당구 정자동 18-6,37.366811,127.108061,정자역프라자앞,4,0,2.0,2006,경기도 성남시청,031-729-8743,2025-11-11
분당정자1-D-3,경기도,성남시,기타,,정자일로,3,경기도 성남시 분당구 정자동 16-2,37.36803,127.105521,대우푸르지오시티앞,4,0,2.0,2014,경기도 성남시청,031-729-8743,2025-11-11
분당정자1-D-5,경기도,성남시,일반국도,,성남대로,3,경기도 성남시 분당구 정자동 26,37.365752,127.107331,정자역 환승주차장,4,0,99.0,2014,경기도 성남시청,031-729-8743,2025-11-11
분당정자1-D-6,경기도,성남시,기타,,정자일로,3,경기도 성남시 분당구 정자동 160,37.365305,127.10545,분당경찰서 주변,4,0,99.0,2014,경기도 성남시청,031-729-8743,2025-11-11
분당정자1-D-8,경기도,성남시,기타,,정자일로 232번길,3,경기도 성남시 분당구 정자1동 15-1,37.370847,127.107484,두산위브파빌리온앞,4,0,2.0,2020,경기도 성남시청,031-729-8743,2025-11-11
분당정자1-D-9,경기도,성남시,기타,,정자일로,3,경기도 성남시 분당구 정자1동 165-1,37.36329,127.10622,엠코헤리츠,4,0,2.0,2021,경기도 성남시청,031-729-8743,2025-11-11
분당정자1-D-11,경기도,성남시,기타,,성남대로,3,경기도 성남시 분당구 정자1동 169-1,37.361212,127.106993,아데나루체아파트 정문,4,0,2.0,2022,경기도 성남시청,031-729-8743,2025-11-11
분당정자1-D-12,경기도,성남시,기타,,정자일로,3,경기도 성남시 분당구 정자동 96-1,37.37061,127.10604,분당현대아이파크3단지아파트입구,4,0,2.0,2023,경기도 성남시청,031-729-8743,2025-11-11
분당구미-A-18,경기도,성남시,기타,,미금로,3,경기도 성남시 분당구 구미동 115,37.344353,127.115379,오리초등학교 주변,4,0,2.0,2014,경기도 성남시청,031-729-8743,2025-11-11
분당구미1-D-1,경기도,성남시,기타,,미금일로154번길,3,경기도 성남시 분당구 구미동 9-1,37.349283,127.108276,엠코헤리츠,4,0,2.0,2020,경기도 성남시청,031-729-8743,2025-11-11
분당구미1-D-2,경기도,성남시,기타,,돌마로90번길,3,경기도 성남시 분당구 구미동 26,37.349484,127.112042,구미1동 행정복지센터 근처,4,0,2.0,2020,경기도 성남시청,031-729-8743,2025-11-11
분당구미1-A-11,경기도,성남시,기타,,구미로,3,경기도 성남시 분당구 구미1동 68,37.347418,127.115271,미금초등학교 정문,4,0,2.0,2021,경기도 성남시청,031-729-8743,2025-11-11
분당판교-D-1,경기도,성남시,기타,,운중로,3,경기도 성남시 분당구 판교동 553,37.391898,127.090851,판교도서관 앞,4,0,2.0,2011,경기도 성남시청,031-729-8743,2025-11-11
분당판교-D-2,경기도,성남시,기타,,판교로,3,경기도 성남시 분당구 판교동 498,37.400635,127.095072,판교박물관 앞,4,0,2.0,2011,경기도 성남시청,031-729-8743,2025-11-11
분당정자3-D-2,경기도,성남시,기타,,내정로,3,경기도 성남시 분당구 정자3동 257-1,37.36009,127.11467,계원삼거리,4,0,2.0,2023,경기도 성남시청,031-729-8743,2025-11-11
분당정자3-A-11,경기도,성남시,기타,,돌마로,3,경기도 성남시 분당구 정자3동 203,37.3616,127.11908,불정초등학교 정문,4,0,2.0,2021,경기도 성남시청,031-729-8743,2025-11-11
분당서현1-D-1,경기도,성남시,지방도,,서현로,3,경기도 성남시 분당구 서현동 245-4,37.38712,127.125209,엘지에클라트 Ⅱ앞,4,0,2.0,2006,경기도 성남시청,031-729-8743,2025-11-11
분당서현1-D-2,경기도,성남시,기타,,황새울로,3,경기도 성남시 분당구 서현동 259-3,37.387226,127.1205,성남교육지원청 앞,4,0,2.0,2008,경기도 성남시청,031-729-8743,2025-11-11
분당서현1-D-4,경기도,성남시,기타,,황새울로,3,경기도 성남시 분당구 서현동 254-1,37.387996,127.123291,풍림아이원 입구,4,0,2.0,2014,경기도 성남시청,031-729-8743,2025-11-11
분당서현1-D-5,경기도,성남시,기타,,중앙공원로,3,경기도 성남시 분당구 서현1동 94-3,37.37842,127.13283,우성아파트 후문,4,0,2.0,2021,경기도 성남시청,031-729-8743,2025-11-11
분당서현1-A-11,경기도,성남시,기타,,중앙공원로,3,경기도 성남시 분당구 서현동 87-1,37.382576,127.12855,서현초등학교 주변,4,0,2.0,2014,경기도 성남시청,031-729-8743,2025-11-11
분당서현2-D-2,경기도,성남시,기타,,장안로,3,경기도 성남시 분당구 서현동 312-1,37.372012,127.140796,수련어린이공원 인근,4,0,2.0,2024,경기도 성남시청,031-729-8743,2025-11-11
분당서현2-A-7,경기도,성남시,기타,,돌마로,3,경기도 성남시 분당구 서현동 303,37.374602,127.134589,서당초등학교 주변,4,0,2.0,2014,경기도 성남시청,031-729-8743,2025-11-11
분당이매1-D-1,경기도,성남시,기타,,이매로,3,경기도 성남시 분당구 이매동 376,37.39277,127.13125,송림고등학교 정문,4,0,1.0,2023,경기도 성남시청,031-729-8743,2025-11-11
분당이매1-D-2,경기도,성남시,기타,,이매로,3,경기도 성남시 분당구 이매동 115-1,37.39483,127.12547,안말사거리,4,0,2.0,2024,경기도 성남시청,031-729-8743,2025-11-11
분당이매1-A-9,경기도,성남시,기타,,양현로,3,경기도 성남시 분당구 이매동 118,37.393154,127.125982,안말초등학교 정문,4,0,2.0,2012,경기도 성남시청,031-729-8743,2025-11-11
분당이매1-A-10,경기도,성남시,기타,,양현로,3,경기도 성남시 분당구 이매동 112,37.39721,127.126493,이매초등학교 정문,4,0,2.0,2012,경기도 성남시청,031-729-8743,2025-11-11
분당이매2-D-1,경기도,성남시,일반국도,,성남대로,3,경기도 성남시 분당구 이매동 106-4,37.398897,127.126648,이매119소방센터 건너편,4,0,2.0,2008,경기도 성남시청,031-729-8743,2025-11-11
분당이매2-D-2,경기도,성남시,기타,,판교로,3,경기도 성남시 분당구 이매동 131-4,37.405152,127.122426,우리은행 이매지점,4,0,99.0,2006,경기도 성남시청,031-729-8743,2025-11-11
분당이매2-A-7,경기도,성남시,기타,,탄천로,3,경기도 성남시 분당구 이매동 136,37.402184,127.122403,매송초등학교 주변,4,0,99.0,2014,경기도 성남시청,031-729-8743,2025-11-11
분당분당-A-20,경기도,성남시,기타,,장안로,3,경기도 성남시 분당구 분당동 91,37.372662,127.144459,장안초등학교 주변,4,0,2.0,2014,경기도 성남시청,031-729-8743,2025-11-11
분당삼평-D-12,경기도,성남시,기타,,동판교로,3,경기도 성남시 분당구 삼평동 740,37.397321,127.113562,푸르지오 월드마크 입구,4,0,2.0,2011,경기도 성남시청,031-729-8743,2025-11-11
분당삼평-D-13,경기도,성남시,기타,,판교로,3,경기도 성남시 분당구 삼평동 618,37.404024,127.10009,우림W-CITY 옆,4,0,2.0,2011,경기도 성남시청,031-729-8743,2025-11-11
분당삼평-D-15,경기도,성남시,기타,,판교로,3,경기도 성남시 분당구 삼평동 698,37.40462,127.105814,판교스타트업캠피스 앞,4,0,2.0,2016,경기도 성남시청,031-729-8743,2025-11-11
분당삼평-D-17,경기도,성남시,기타,,판교로,3,경기도 성남시 분당구 삼평동 618,37.404024,127.10009,국민은행 엽,4,0,2.0,2021,경기도 성남시청,031-729-8743,2025-11-11
분당삼평-D-18,경기도,성남시,기타,,대왕판교로,3,경기도 성남시 분당구 삼평동 668,37.39973,127.108598,NC소프트,4,0,2.0,2022,경기도 성남시청,031-729-8743,2025-11-11
분당야탑2-D-1,경기도,성남시,기타,,양현로,3,경기도 성남시 분당구 야탑동 530,37.406289,127.127129,탑마을 쌍용 505동앞,4,0,2.0,2010,경기도 성남시청,031-729-8743,2025-11-11
분당야탑2-D-2,경기도,성남시,기타,,판교로,3,경기도 성남시 분당구 야탑동 533-5,37.405753,127.122741,남서울프라자 국민은행앞,4,0,2.0,2006,경기도 성남시청,031-729-8743,2025-11-11
분당야탑2-A-8,경기도,성남시,기타,,양현로,3,경기도 성남시 분당구 야탑동 531,37.407326,127.126613,하탑초등학교 주변,4,0,2.0,2014,경기도 성남시청,031-729-8743,2025-11-11
분당판교-D-3,경기도,성남시,기타,,판교로,3,경기도 성남시 분당구 판교동 511-1,37.400053,127.09571,성내미사거리 우측,4,0,99.0,2011,경기도 성남시청,031-729-8743,2025-11-11
분당판교-D-4,경기도,성남시,지방도,,대왕판교로,3,경기도 성남시 분당구 판교동 651-1,37.387349,127.102246,낙생고 앞,4,0,99.0,2011,경기도 성남시청,031-729-8743,2025-11-11
분당판교-D-5,경기도,성남시,지방도,,대왕판교로,3,경기도 성남시 분당구 판교동 650-1,37.387078,127.101748,낙생고 건너편,4,0,99.0,2011,경기도 성남시청,031-729-8743,2025-11-11
분당판교-D-6,경기도,성남시,기타,,서판교로,3,경기도 성남시 분당구 판교동 577-5,37.38956,127.09804,하나로마트 건너편,4,0,99.0,2020,경기도 성남시청,031-729-8743,2025-11-11
분당판교-A-53,경기도,성남시,기타,,서판교로,3,경기도 성남시 분당구 판교동 551-1번지,37.39459,127.098289,낙생초등학교  삼거리,4,0,2.0,2011,경기도 성남시청,031-729-8743,2025-11-11
분당판교-A-106,경기도,성남시,기타,,판교원로,3,경기도 성남시 분당구 판교동 636,37.386367,127.091721,판교초등학교 정문,4,0,2.0,2022,경기도 성남시청,031-729-8743,2025-11-11
분당삼평-D-1,경기도,성남시,기타,,판교로,3,경기도 성남시 분당구 삼평동 708,37.404247,127.115277,사송사거리-상,4,0,99.0,2011,경기도 성남시청,031-729-8743,2025-11-11
분당삼평-D-3,경기도,성남시,기타,,판교역로,3,경기도 성남시 분당구 삼평동 662,37.397745,127.111433,봇들교사거리좌측,4,0,2.0,2011,경기도 성남시청,031-729-8743,2025-11-11
분당삼평-D-4,경기도,성남시,기타,,분당내곡로,3,경기도 성남시 분당구 삼평동 658,37.397989,127.11252,봇들교사거리 백범초교 앞,4,0,2.0,2011,경기도 성남시청,031-729-8743,2025-11-11
분당삼평-D-6,경기도,성남시,기타,,판교역로,3,경기도 성남시 분당구 삼평동 644,37.396943,127.110055,동안교삼거리,4,0,99.0,2011,경기도 성남시청,031-729-8743,2025-11-11
분당삼평-D-7,경기도,성남시,지방도,,대왕판교로,3,경기도 성남시 분당구 삼평동 670,37.400466,127.106813,판교테크노중앙사거리-&amp;gt;판교테크노2사거리,4,0,2.0,2011,경기도 성남시청,031-729-8743,2025-11-11
분당삼평-D-9,경기도,성남시,기타,,판교로,3,경기도 성남시 분당구 삼평동 622,37.403742,127.103047,포스코 ICT 앞,4,0,2.0,2011,경기도 성남시청,031-729-8743,2025-11-11
분당분당-A-21,경기도,성남시,기타,,분당로,3,경기도 성남시 분당구 분당동 36,37.373689,127.131262,당촌초등학교 주변,4,0,99.0,2014,경기도 성남시청,031-729-8743,2025-11-11
분당삼평-D-19,경기도,성남시,기타,,동판교로,3,경기도 성남시 분당구 삼평동 721-1,37.40345,127.11574,판교봇들마을 3단지 후문,4,0,99.0,2023,경기도 성남시청,031-729-8743,2025-11-11
H7036,경기도,성남시,시도,,장안로51번길,3,경기도 성남시 분당구 분당동 91번지,37.3717423,127.1436898,성남장안초교 앞 어린이보호구역(풍림아이원→양영디지털고교),2,30,99.0,2022,경기도남부경찰청,031-888-3952,2025-09-08
분당삼평-D-10,경기도,성남시,기타,,판교로,3,경기도 성남시 분당구 삼평동 620,37.404027,127.101471,이노밸리 C동 뒤,4,0,2.0,2011,경기도 성남시청,031-729-8743,2025-11-11
분당삼평-D-11,경기도,성남시,지방도,,대왕판교로,3,경기도 성남시 분당구 삼평동 676,37.400166,127.112312,어울공원 앞,4,0,2.0,2011,경기도 성남시청,031-729-8743,2025-11-11
G8027,경기도,성남시,시도,,분당로,1,경기도 성남시 분당구 분당동 58-1,37.3750888,127.1303733,효자촌사거리(분당구청→분당대진고교),2,50,2.0,2021,경기도남부경찰청,031-888-3952,2025-09-08
H7368,경기도,성남시,지방도,,대왕판교로,3,경기도 성남시 분당구 삼평동 668-1,37.4031282,127.1047961,판교테크노중앙사거리(나라기록관→화랑공원),2,60,2.0,2023,경기도남부경찰청,031-888-3952,2025-09-08
H7369,경기도,성남시,시도,,벌말로,3,경기도 성남시 분당구 야탑동 328-2,37.4140134,127.1390053,중탑초교 앞 어린이보호구역(중탑사거리→중탑삼거리),2,30,1.0,2023,경기도남부경찰청,031-888-3952,2025-09-08
H7371,경기도,성남시,시도,,야탑로,3,경기도 성남시 분당구 야탑동 516,37.4096036,127.1312852,돌마초교 앞 어린이보호구역(야탑역→분당 테크노파크),2,30,2.0,2023,경기도남부경찰청,031-888-3952,2025-09-08
H7372,경기도,성남시,시도,,운중로,3,경기도 성남시 분당구 판교동 626번지,37.3893112,127.0903537,판교도서관사거리(하산운사거리→광암사거리),2,50,99.0,2023,경기도남부경찰청,031-888-3952,2025-09-08
H7339,경기도,성남시,시도,,서현로,3,경기도 성남시 분당구 백현동 529-2,37.3926258,127.1091017,알파리움2단지 205동 앞(현대백화점→판교TG),1,60,2.0,2023,경기도남부경찰청,031-888-3952,2025-09-08
H7397,경기도,성남시,시도,,장미로,3,경기도 성남시 분당구 야탑동 217번지 매화마을청구빌라,37.41299556,127.1390052,중탑사거리 어린이보호구역(중탑초)(야탑역→매화마을 청구),2,30,2.0,2023,경기도남부경찰청,031-888-3952,2025-09-08
H7398,경기도,성남시,시도,,야탑로,3,경기도 성남시 분당구 야탑동 368-14,37.40994901,127.1303685,장승백이공원 앞 어린이보호구역(돌마초)(하탑중학교→야탑역),2,30,2.0,2023,경기도남부경찰청,031-888-3952,2025-09-08
H7589,경기도,성남시,기타,,돌마로,3,경기도 성남시 분당구 서현동 159,37.3854703,127.1379946,새마을사거리 전 300m지점(야탑동→수내동),1,60,2.0,2023,경기도남부경찰청,031-888-3952,2025-09-08
H7590,경기도,성남시,시도,,분당수서간도시고속화도로,3,경기도 성남시 분당구 야탑동 485-2,37.41034601,127.1186311,"탄천운동장 앞) 1,2차로(분당구청→탄천IC)",1,80,2.0,2023,경기도남부경찰청,031-888-3952,2025-09-08
H7333,경기도,성남시,시도,,동판교로,3,경기도 성남시 분당구 백현동 554-2,37.38808317,127.1114132,백현동행정복지센터 어린이보호구역(신백현초교)(화랑초교→판교어린이도서관),1,30,99.0,2023,경기도남부경찰청,031-888-3952,2025-09-08
H7334,경기도,성남시,시도,,장안로25번길,3,경기도 성남시 분당구 분당동 66번지 66건영아파트,37.37069598,127.1400513,건영장안유치원앞 어린이보호구역(서당초등학교→태현공원),1,30,2.0,2023,경기도남부경찰청,031-888-3952,2025-09-08
H7667,경기도,성남시,기타,,분당수서로,3,경기도 성남시 분당구 구미동 197-2,37.34256401,127.1044191,경기고속삼거리(금곡고가→농수산물센터),2,50,2.0,2023,경기도남부경찰청,031-888-3952,2025-09-08
H7668,경기도,성남시,시도,,수내로,3,경기도 성남시 분당구 수내동 66,37.37543201,127.1217721,초림삼거리(샛별중학교→분당구청),2,50,2.0,2023,경기도남부경찰청,031-888-3952,2025-09-08
H3633,경기도,성남시,시도,,동판교로,3,경기도 성남시 분당구 백현동 559번지,37.3878045,127.1119877,신백현초교 앞 어린이보호구역(판교어린이도서관→화랑초교),1,30,99.0,2022,경기도남부경찰청,031-888-3952,2025-09-08
H7355,경기도,성남시,시도,,서판교로,3,경기도 성남시 분당구 판교동 512-4,37.39088416,127.0979124,한림풀에버9단지 건너편 어린이보호구역(해나유치원)(광암사거리→낙생초교),2,30,2.0,2023,경기도남부경찰청,031-888-3952,2025-09-08
H6945,경기도,성남시,시도,,미금로,3,경기도 성남시 분당구 구미동 115번지,37.3445628,127.1160037,오리초등학교 어린이보호구역(하얀마을사거리→구미교사거리),2,30,2.0,2022,경기도남부경찰청,031-888-3952,2025-09-08
H6947,경기도,성남시,시도,,정자로,3,경기도 성남시 분당구 정자동 189-11,37.3635448,127.1208843,LG한솔마을아파트입구 어린이보호구역(불정초교)(불정삼거리→신기사거리),2,30,2.0,2022,경기도남부경찰청,031-888-3952,2025-09-08
H6948,경기도,성남시,시도,,성남대로407번길,3,경기도 성남시 분당구 정자동 95-2,37.3723546,127.1062877,늘푸른고등학교삼거리 어린이보호구역(정자초교)(늘푸른고등학교→백궁삼거리),2,30,2.0,2022,경기도남부경찰청,031-888-3952,2025-09-08
G8522,경기도,성남시,고속국도,,경부고속도로,1,경기도 성남시 분당구 금곡동 114-2,37.35390401,127.1033901,"경부고속도로 401.8km 종점 1,2차로",99,110,99.0,2021,경기도남부경찰청,031-888-3952,2025-09-08
G8524,경기도,성남시,고속국도,,경부고속도로,1,경기도 성남시 분당구 금곡동 266-2,37.35390401,127.1035151,경부고속도로 401.8km 종점 5차로,99,110,99.0,2021,경기도남부경찰청,031-888-3952,2025-09-08
G9158,경기도,성남시,시도,,내정로,1,경기도 성남시 분당구 정자동 257-1,37.3615004,127.1146756,탄천초교 앞 어린이보호구역(정자2동행정복지센터→KT본사),2,30,2.0,2021,경기도남부경찰청,031-888-3952,2025-09-08
H5183,경기도,성남시,시도,,불정로386번길,3,경기도 성남시 분당구 서현동 353-5,37.3731418,127.1387767,미래타운 603동 앞 어린이보호구역(양영초)(장안타운 건영→양영중학교),1,30,99.0,2022,경기도남부경찰청,031-888-3952,2025-09-08
H5138,경기도,성남시,시도,,미금일로70번길,3,경기도 성남시 분당구 구미동 96-1,37.3476038,127.1119542,꿈터유치원맞은편 어린이보호구역(구미1동행정복지센터→구미동어린이집),2,30,2.0,2022,경기도남부경찰청,031-888-3952,2025-09-08
H5140,경기도,성남시,시도,,동판교로,3,경기도 성남시 분당구 삼평동 742-2,37.3960201,127.1167367,보평초교사거리 어린이보호구역(봇들마을7단지→보평중학교),2,30,99.0,2022,경기도남부경찰청,031-888-3952,2025-09-08
H6973,경기도,성남시,시도,,느티로,3,경기도 성남시 분당구 정자동 88번지 느티마을공무원아파트,37.3684622,127.1122402,안촌유치원 맞은편 어린이보호구역(한솔종합사회복지관→느티마을사거리),2,30,2.0,2022,경기도남부경찰청,031-888-3952,2025-09-08
H5741,경기도,성남시,시도,,내정로174번길,3,경기도 성남시 분당구 수내동 57번지,37.3724404,127.1218348,내정어린이공원 앞 어린이보호구역(내정초교)(동국대분당한방병원→수내역),2,30,99.0,2022,경기도남부경찰청,031-888-3952,2025-09-08
H6943,경기도,성남시,시도,,성남대로172번길,3,경기도 성남시 분당구 금곡동 141-1,37.1351373,127.1112311,즐거운유치원 어린이보호구역(금곡동행정복지센터→대원아파트8단지),1,30,2.0,2022,경기도남부경찰청,031-888-3952,2025-09-08
H6944,경기도,성남시,시도,,이매로,3,경기도 성남시 분당구 이매동 산29-80,37.3935069,127.1303293,동명유치원 어린이보호구역(돌마로→이매역사거리),1,30,2.0,2022,경기도남부경찰청,031-888-3952,2025-09-08
H5162,경기도,성남시,시도,,산운로,3,경기도 성남시 분당구 운중동 956번지 산운마을,37.3930523,127.0723481,판교샘유치원 어린이보호구역(신운길2삼거리→신운길3삼거리),1,30,2.0,2022,경기도남부경찰청,031-888-3952,2025-09-08
H7351,경기도,성남시,시도,,동판교로,3,경기도 성남시 분당구 삼평동 718-7,37.40247545,127.1166671,삼평유치원 앞 어린이보호구역(송현초등학교→삼평중학교),2,30,2.0,2023,경기도남부경찰청,031-888-3952,2025-09-08
H7352,경기도,성남시,시도,,분당로263번길,3,경기도 성남시 분당구 서현동 323번지 효자촌대명연립,37.3738634,127.1421879,한신라이프빌라입구 어린이보호구역(중앙유치원)(서현2동우체국→서현로),2,30,2.0,2023,경기도남부경찰청,031-888-3952,2025-09-08
H7354,경기도,성남시,시도,,탄천로,3,경기도 성남시 분당구 야탑동 534번지,37.40686915,127.1235321,더늘사랑어린이집 앞 어린이보호구역(탄천종합운동장 → 아름사거리),2,30,99.0,2023,경기도남부경찰청,031-888-3952,2025-09-08
H8028,경기도,성남시,시도,,분당로,3,경기도 성남시 분당구 서현동 353-8,37.3737011,127.1324711,당촌초등학교 어린이보호구역(장안사거리→효자촌사거리),2,30,99.0,2023,경기도남부경찰청,031-888-3952,2025-09-08
G4422,경기도,성남시,시도,,정자일로,2,경기도 성남시 분당구 정자동 187-4,37.35850801,127.1060611,늘푸른초교 앞 어린이보호구역(늘푸른중학교-&amp;gt;분당경찰서),2,30,일반,2020,경기도남부경찰청,031-888-3952,2025-09-08
분당삼평-A-37,경기도,성남시,기타,,동판교로,3,경기도 성남시 분당구 삼평동 743,37.396191,127.118251,보평초등학교,4,0,일반,2014,경기도 성남시청,031-729-8743,2025-11-11
분당백현-D-2,경기도,성남시,기타,,판교역로,3,경기도 성남시 분당구 백현동 537,37.39426,127.110366,환승주차장삼거리-상행,4,0,일반,2011,경기도 성남시청,031-729-8743,2025-11-11
J5974,경기도,성남시,시도,,구미로173번길,3,경기도 성남시 분당구 구미동 309,37.3474485,127.1241511,서울시니어타워 건너편 노인보호구역(구미중학교→분당서울대학교병원),2,30,일반,2024,경기도남부경찰청,031-888-3952,2025-09-08
분당백현-D-13,경기도,성남시,기타,,판교백현로,3,경기도 성남시 분당구 백현동 492-25,37.3822,127.095205,더샵퍼스트파크 입구 주변,4,0,일반,2022,경기도 성남시청,031-729-8743,2025-11-11
분당운중-D-1,경기도,성남시,기타,,운중로,3,경기도 성남시 분당구 운중동 963,37.391963,127.077417,운중주민센터사거리,4,0,일반,2011,경기도 성남시청,031-729-8743,2025-11-11
분당운중-D-5,경기도,성남시,기타,,판교대장로,3,경기도 성남시 분당구 대장동 산13-2,37.368613,127.070169,대장중학교 정문,4,0,일반,2021,경기도 성남시청,031-729-8743,2025-11-11
분당운중-D-9,경기도,성남시,기타,,판교대장로,3,경기도 성남시 분당구 대장동 239-3,37.362757,127.067293,디오르나인사이트B 앞 삼거리,4,0,일반,2021,경기도 성남시청,031-729-8743,2025-11-11
J5194,경기도,성남시,시도,,분당로,3,경기도 성남시 분당구 서현동 310번지 효자촌,37.3696676,127.1370072,대진고사거리(한국지역난방공사→분당구청),2,50,일반,2024,경기도남부경찰청,031-888-3952,2025-09-08
분당정자3-D-1,경기도,성남시,기타,,불정로,3,경기도 성남시 분당구 정자3동 211,37.359113,127.119363,이마트,4,0,일반,2022,경기도 성남시청,031-729-8743,2025-11-11
분당정자3-A-12,경기도,성남시,기타,,내정로,3,경기도 성남시 분당구 정자3동 195,37.36162,127.11488,탄천초등학교 정문,4,0,일반,2021,경기도 성남시청,031-729-8743,2025-11-11
분당서현1-D-3,경기도,성남시,기타,,황새울로,3,경기도 성남시 분당구 서현동 264,37.384261,127.123721,공항버스 정류장,4,0,일반,2006,경기도 성남시청,031-729-8743,2025-11-11
분당서현1-A-10,경기도,성남시,기타,,중앙공원로,3,경기도 성남시 분당구 서현동 92-1,37.378988,127.129653,분당초등학교 주변,4,0,일반,2014,경기도 성남시청,031-729-8743,2025-11-11
H4156,경기도,성남시,시도,,황새울로,3,경기도 성남시 분당구 정자동 89번지,37.3663129,127.1099318,성남신기초교 앞 어린이보호구역(정자중학교→분당구청),2,30,일반,2022,경기도남부경찰청,031-888-3952,2025-09-08
H4157,경기도,성남시,시도,,양현로,3,경기도 성남시 분당구 이매동 112번지,37.3969982,127.1255493,이매초교 앞 어린이보호구역(분당구청→성남시청),2,30,일반,2022,경기도남부경찰청,031-888-3952,2025-09-08
H4159,경기도,성남시,시도,,서판교로,3,경기도 성남시 분당구 판교동 512-4,37.3948462,127.0980601,낙생초교 앞 어린이보호구역(판교동행정복지센터→낙원중학교),2,30,일반,2022,경기도남부경찰청,031-888-3952,2025-09-08
J4256,경기도,성남시,기타,,대왕판교로712번길,3,경기도 성남시 분당구 삼평동 산 2-27,37.40724758,127.1038002,"수도권제1순환고속도로 0.9km 시점 3,4차로(청계TG→성남TG)",99,100,일반,2025,경기도남부경찰청,031-888-3952,2025-09-08
J6940,경기도,성남시,시도,,판교로,3,경기도 성남시 분당구 삼평동 688-1번지,37.4031211,127.1123836,봇들사거리(판교공원→송현초교),2,50,일반,2024,경기도남부경찰청,031-888-3952,2025-09-08
J6942,경기도,성남시,시도,,판교로,3,경기도 성남시 분당구 판교동 497번지,37.4001793,127.0951955,성내미사거리(성남송현초교→판교공원),2,50,일반,2024,경기도남부경찰청,031-888-3952,2025-09-08
분당운중-A-61,경기도,성남시,기타,,운중로,3,경기도 성남시 분당구 운중동 1036-1,37.389902,127.079951,산운초등학교 후문,4,0,일반,2014,경기도 성남시청,031-729-8743,2025-11-11
G8873,경기도,성남시,시도,,야탑로,1,경기도 성남시 분당구 야탑동 168-24,37.4065868,127.1468223,양촌어린이공원 앞 어린이보호구역(상탑초교)(야탑역→분당테크노파크),2,30,일반,2021,경기도남부경찰청,031-888-3952,2025-09-08
G8874,경기도,성남시,시도,,정자로,2,경기도 성남시 분당구 정자동 189-11,37.3634057,127.1211364,우성6단지아파트 613동 앞 어린이보호구역(불정초교)(분당경찰서→불정삼거리),2,30,일반,2021,경기도남부경찰청,031-888-3952,2025-09-08
G8875,경기도,성남시,시도,,무지개로,1,경기도 성남시 분당구 구미동 241번지,37.3404374,127.1184301,불곡초교 앞 어린이보호구역(구미파출소→오리역),2,30,일반,2021,경기도남부경찰청,031-888-3952,2025-09-08
G8671,경기도,성남시,고속국도,,분당수서로,3,경기도 성남시 분당구 정자동 6-3번지,37.3722568,127.1039066,푸른고등학교 입구 앞 삼거리(한국잡월드→분당경찰서),2,60,일반,2021,경기도남부경찰청,031-888-3952,2025-09-08
J7485,경기도,성남시,시도,,미금로,3,경기도 성남시 분당구 금곡동 126번지 청솔마을주공6단지아파트,37.35344101,127.1105381,청솔종합사회복지관 앞 어린이보호구역(이솔유치원)(미금초교→청솔마을사거리),2,30,일반,2024,경기도남부경찰청,031-888-3952,2025-09-08
J7486,경기도,성남시,시도,,무지개로,3,경기도 성남시 분당구 구미동 303-6,37.34034801,127.1180291,구미공원입구 건너편 어린이보호구역(불곡초교)(오리역→구미파출소),2,30,일반,2024,경기도남부경찰청,031-888-3952,2025-09-08
J0490,경기도,성남시,시도,,성남대로,3,경기도 성남시 분당구 구미동 23-1번지,37.34977901,127.1090771,미금역사거리(오리역→정자역),1,60,일반,2024,경기도남부경찰청,031-888-3952,2025-09-08
G8872,경기도,성남시,시도,,야탑로,2,경기도 성남시 분당구 야탑동 197-2,37.4072286,127.1455133,야탑5교 앞 어린이보호구역(상탑초교)(분당테크노파크→야탑역),2,30,일반,2021,경기도남부경찰청,031-888-3952,2025-09-08
H7588,경기도,성남시,시도,,분당수서간도시고속화도로,3,경기도 성남시 분당구 금곡동 196,37.35404601,127.1045381,두산위브아파트 101동 앞)(용인→분당경찰서),1,80,일반,2023,경기도남부경찰청,031-888-3952,2025-09-08
H7591,경기도,성남시,시도,,분당수서간도시고속화도로,3,경기도 성남시 분당구 야탑동 485-2,37.41034601,127.1186311,탄천운동장 앞) 3차로(분당구청→탄천IC),1,80,일반,2023,경기도남부경찰청,031-888-3952,2025-09-08
J2605,경기도,성남시,지방도,,서현로,3,경기도 성남시 분당구 서현동 333-2,37.37674073,127.1396076,서당삼거리(서현로)(율동공원→판교IC),2,60,일반,2024,경기도남부경찰청,031-888-3952,2025-09-08
H8802,경기도,성남시,시도,,판교로,3,경기도 성남시 분당구 야탑동 168-4,37.40657701,127.1421671,돌마사거리(하탑중학교→상탑초교),2,50,일반,2023,경기도남부경찰청,031-888-3952,2025-09-08
H9849,경기도,성남시,시도,,누엣공원로,3,경기도 성남시 분당구 이매동 125,37.39031101,127.1254921,누엣길어린이공원앞 어린이보호구역(KDLP창의샘)(분당소방서→청구6단지),2,30,일반,2023,경기도남부경찰청,031-888-3952,2025-09-08
J0397,경기도,성남시,지방도,,판교백현로,3,경기도 성남시 분당구 백현동 511-25번지,37.3878701,127.0783352,생태복원터널 앞(한국잡월드→서판교IC),1,60,일반,2024,경기도남부경찰청,031-888-3952,2025-09-08
J0631,경기도,성남시,시도,,구미로,3,경기도 성남시 분당구 구미동 201번지,37.33815601,127.1158731,무지개사거리 어린이보호구역(구미초교)(구미파출소→오리역),2,30,일반,2024,경기도남부경찰청,031-888-3952,2025-09-08
J0773,경기도,성남시,시도,,성남대로,3,경기도 성남시 분당구 수내동 40-2,37.3821744,127.1215297,서현사거리(성남시청→장자역),2,60,일반,2023,경기도남부경찰청,031-888-3952,2025-09-08
H6233,경기도,성남시,시도,,수내로,1,경기도 성남시 분당구 수내동 73번지 푸른마을,37.3701721,127.1273749,수내중학교앞 어린이보호구역(샛별유치원)(샛별사거리→샛별삼거리),2,30,일반,2022,경기도남부경찰청,031-888-3952,2025-09-08
H5667,경기도,성남시,시도,,중앙공원로39번길,3,경기도 성남시 분당구 서현동 289-3,37.3820585,127.1281601,삼성한신상가 앞 어린이보호구역(서현초교)(양영중학교→서현역),1,30,일반,2022,경기도남부경찰청,031-888-3952,2025-09-08
J4554,경기도,성남시,시도,,분당로,3,경기도 성남시 분당구 분당동 65-4,37.3733826,127.1324702,당촌초교 앞 어린이보호구역(분당구청→분당대진고교),2,30,일반,2024,경기도남부경찰청,031-888-3952,2025-09-08
J3299,경기도,성남시,시도,,돌마로366번길,3,경기도 성남시 분당구 수내동 73번지 푸른마을,37.3688368,127.1253671,푸른어린이공원 어린이보호구역(내정초교)(수내고교→내정초교),2,30,일반,2024,경기도남부경찰청,031-888-3952,2025-09-08
H5679,경기도,성남시,시도,,내정로173번길,3,경기도 성남시 분당구 수내동 35번지,37.3767977,127.1175711,초림초등학교 어린이보호구역(내정초등학교→수내역),2,30,일반,2022,경기도남부경찰청,031-888-3952,2025-09-08
H5686,경기도,성남시,시도,,느티로,3,경기도 성남시 분당구 정자동 88번지 느티마을공무원아파트,37.3684761,127.1125228,안촌유치원 앞 어린이보호구역(느티마을사거리→한솔종합사회복지관),2,30,일반,2022,경기도남부경찰청,031-888-3952,2025-09-08
분당금곡-A-5,경기도,성남시,기타,,금곡로,3,경기도 성남시 분당구 금곡동 131,37.354658,127.1141,청솔초등학교 정문,4,0,일반,2012,경기도 성남시청,031-729-8743,2025-11-11
분당구미-D-1,경기도,성남시,기타,,돌마로,3,경기도 성남시 분당구 구미1동 8-2,37.349681,127.10775,미금역 6번출구 MD프라자,4,0,일반,2008,경기도 성남시청,031-729-8743,2025-11-11
분당구미-D-4,경기도,성남시,기타,,구미로,3,경기도 성남시 분당구 구미동 300,37.35025,127.12341,서울대병원 진입로,4,0,일반,2020,경기도 성남시청,031-729-8743,2025-11-11
H8034,경기도,성남시,시도,,운중로,3,경기도 성남시 분당구 운중동 898-6,37.39141301,127.0680731,운중로사거리 (운중초) (의왕 → 분당)어린이보호구역,2,30,일반,2023,경기도남부경찰청,031-888-3952,2025-09-08
분당서현2-D-1,경기도,성남시,기타,,돌마로,3,경기도 성남시 분당구 서현동 298-3,37.376981,127.133437,효자촌 프라자,4,0,일반,2006,경기도 성남시청,031-729-8743,2025-11-11
분당서현2-A-8,경기도,성남시,기타,,불정로,3,경기도 성남시 분당구 서현동 319,37.37466,127.140091,양영초등학교 주변,4,0,일반,2014,경기도 성남시청,031-729-8743,2025-11-11
J4341,경기도,성남시,시도,,판교원로,3,경기도 성남시 분당구 운중동 921-9번지,37.3895695,127.0731654,운중하나어린이집 앞 어린이보호구역(운중교→산운초교),2,30,일반,2024,경기도남부경찰청,031-888-3952,2025-09-08
G3708,경기도,성남시,시도,,돌마로,3,경기도 성남시 분당구 정자동 257-1,37.35921901,127.1189981,불정사거리(중앙공원-&amp;gt;미금역),2,50,일반,2020,경기도남부경찰청,031-888-3952,2025-09-08
J7507,경기도,성남시,시도,,중앙공원로31번길,3,경기도 성남시 분당구 서현동 89-5번지,37.38186401,127.1263673,서현지구대 어린이보호구역(서현초교)(서현역→분당초교),2,30,일반,2024,경기도남부경찰청,031-888-3952,2025-09-08
분당삼평-D-14,경기도,성남시,기타,,판교로,3,경기도 성남시 분당구 삼평동 616-2,37.403902,127.099176,만도중앙연구소 옆,4,0,일반,2011,경기도 성남시청,031-729-8743,2025-11-11
분당삼평-D-16,경기도,성남시,기타,,판교역로,3,경기도 성남시 분당구 삼평동 681,37.402096,127.108638,동안육교,4,0,일반,2021,경기도 성남시청,031-729-8743,2025-11-11
분당야탑1-D-5,경기도,성남시,기타,,성남대로,3,경기도 성남시 분당구 야탑1동 364-2,37.41151,127.12945,제1환승공영주차장 입구,4,0,일반,2020,경기도 성남시청,031-729-8743,2025-11-11
분당야탑2-A-7,경기도,성남시,일반국도,,성남대로,3,경기도 성남시 분당구 야탑동 515,37.409099,127.130378,돌마초등학교 주변,4,0,일반,2014,경기도 성남시청,031-729-8743,2025-11-11
H5153,경기도,성남시,시도,,미금로22번길,3,경기도 성남시 분당구 구미동 215번지,37.3376051,127.1190983,구미초 정문 앞 어린이보호구역(금강아파트→구미초교),2,30,일반,2022,경기도남부경찰청,031-888-3952,2025-09-08
H8832,경기도,성남시,시도,,판교로,3,경기도 성남시 분당구 삼평동 717-6,37.40443101,127.1164431,송현초교사거리 어린이보호구역(판교→야탑동),2,30,일반,2023,경기도남부경찰청,031-888-3952,2025-09-08
H7356,경기도,성남시,시도,,서판교로,3,경기도 성남시 분당구 판교동 577번지,37.3905822,127.0975724,한림풀에버9단지 후문 앞 어린이보호구역(해나유치원)(낙생초교→광암사거리),2,30,일반,2023,경기도남부경찰청,031-888-3952,2025-09-08
분당정자1-D-4,경기도,성남시,일반국도,,성남대로,3,경기도 성남시 분당구 정자동 156-1,37.365332,127.107705,젤존타워 Ⅱ앞,4,0,일반,2006,경기도 성남시청,031-729-8743,2025-11-11
분당정자1-D-7,경기도,성남시,기타,,정자일로,3,경기도 성남시 분당구 정자동 174-1,37.361338,127.105543,스타파크 앞,4,0,일반,2017,경기도 성남시청,031-729-8743,2025-11-11
분당정자1-D-10,경기도,성남시,기타,,성남대로,3,경기도 성남시 분당구 정자1동 6-3,37.372347,127.105785,늘푸른고등학교 삼거리 주변,4,0,일반,2022,경기도 성남시청,031-729-8743,2025-11-11
G1762,경기도,성남시,기타,,운중로,2,경기도 성남시 분당구 운중동 892-10,37.39145101,127.0678891,운중로사거리 어린이보호구역(운중초교)(판교동-&amp;gt;의왕),2,50,일반,2018,경기도남부경찰청,031-888-3952,2025-09-08
G4423,경기도,성남시,시도,,정자일로,2,경기도 성남시 분당구 정자동 187-4,37.35747601,127.1059711,늘푸른초교 앞 어린이보호구역(분당경찰서-&amp;gt; 늘푸른중학교),2,30,일반,2020,경기도남부경찰청,031-888-3952,2025-09-08
H3432,경기도,성남시,시도,,성남대로,3,경기도 성남시 분당구 야탑동 488-2,37.40967901,127.1284488,야탑역사거리(성남시청→분당구청),2,60,일반,2022,경기도남부경찰청,031-888-3952,2025-09-08
H6946,경기도,성남시,시도,,미금로,3,경기도 성남시 분당구 구미동 77번지 까치마을,37.3487341,127.1162105,까치마을115동 어린이보호구역(미금초교)(하얀마을사거리→까치마을사거리),2,30,일반,2022,경기도남부경찰청,031-888-3952,2025-09-08
G8523,경기도,성남시,고속국도,,경부고속도로,1,경기도 성남시 분당구 금곡동 266-2,37.35390401,127.1034521,"경부고속도로 401.8km 종점 3,4차로",99,110,일반,2021,경기도남부경찰청,031-888-3952,2025-09-08
분당판교-A-103,경기도,성남시,기타,,서판교로88번길,3,경기도 성남시 분당구 판교동 551번지,37.394304,127.098913,낙생초등학교,4,0,일반,2014,경기도 성남시청,031-729-8743,2025-11-11
분당삼평-D-2,경기도,성남시,기타,,동판교로,3,경기도 성남시 분당구 삼평동 718,37.402585,127.117684,봇들마을 4단지 앞,4,0,일반,2011,경기도 성남시청,031-729-8743,2025-11-11
분당삼평-D-5,경기도,성남시,기타,,동판교로,3,경기도 성남시 분당구 삼평동 740,37.397321,127.113562,봇들교사거리 백범초교 앞,4,0,일반,2011,경기도 성남시청,031-729-8743,2025-11-11
분당삼평-D-8,경기도,성남시,지방도,,대왕판교로,3,경기도 성남시 분당구 삼평동 668-3,37.401574,127.105347,판교테크노2사거리-&amp;gt;판교테크노중앙사거리,4,0,일반,2011,경기도 성남시청,031-729-8743,2025-11-11
분당수내1-D-1,경기도,성남시,기타,,황새울로,3,경기도 성남시 분당구 수내동 21-3,37.377771,127.111777,판테온부근,4,0,일반,2010,경기도 성남시청,031-729-8743,2025-11-11
G2303,경기도,성남시,기타,,분당수서간고속화도로,2,경기도 성남시 분당구 야탑동 485-2,37.40993401,127.1184411,탄천운동장 앞 분당-수서간고속화도로(탄천IC-&amp;gt;분당구청),1,80,일반,2018,경기도남부경찰청,031-888-3952,2025-09-08
H5139,경기도,성남시,시도,,미금일로70번길,3,경기도 성남시 분당구 구미동 63번지 까치마을,37.3477866,127.1120762,꿈터유치원 어린이보호구역(구미동어린이집→구미1동행정복지센터),2,30,일반,2022,경기도남부경찰청,031-888-3952,2025-09-08
G8876,경기도,성남시,시도,,판교로,2,경기도 성남시 분당구 이매동 99,37.4052522,127.1272612,삼환아파트 1101동 앞 어린이보호구역(하탑초교)(삼평동→야탑동),2,30,일반,2021,경기도남부경찰청,031-888-3952,2025-09-08
H7367,경기도,성남시,시도,,무지개로,3,경기도 성남시 분당구 구미동 303-3,37.3366305,127.1135488,LG2단지아파트(동은유치원)(새터공원→오리교2사거리),2,50,일반,2023,경기도남부경찰청,031-888-3952,2025-09-08
H7370,경기도,성남시,시도,,양현로,3,경기도 성남시 분당구 야탑동 394-3,37.4167125,127.1266862,야탑초교 앞 어린이보호구역(야탑초교→야탑중학교),2,30,일반,2023,경기도남부경찰청,031-888-3952,2025-09-08
H4158,경기도,성남시,시도,,탄천로,3,경기도 성남시 분당구 이매동 136번지,37.4009112,127.1234173,성남매송초교 입구 어린이보호구역(탄천종합운동장→이매고교),2,30,일반,2022,경기도남부경찰청,031-888-3952,2025-09-08
분당야탑1-D-2,경기도,성남시,기타,,야탑로,3,경기도 성남시 분당구 야탑동 357-3,37.41094,127.127486,뉴코아아울렛,4,0,일반,2009,경기도 성남시청,031-729-8743,2025-11-11
분당수내1-A-4,경기도,성남시,기타,,내정로,3,경기도 성남시 분당구 수내동 35,37.376826,127.117592,초림초등학교 후문,4,0,일반,2012,경기도 성남시청,031-729-8743,2025-11-11
H7350,경기도,성남시,시도,,수내로,3,경기도 성남시 분당구 분당동 38번지 샛별마을,37.3706375,127.1272969,수내중학교맞은편 어린이보호구역(샛별유치원)(샛별삼거리→샛별사거리),2,30,일반,2023,경기도남부경찰청,031-888-3952,2025-09-08
H7353,경기도,성남시,시도,,판교로,3,경기도 성남시 분당구 야탑동 551-1,37.40552148,127.1268798,타워빌505동앞 어린이보호구역(하탑초교)(하탑사거리→아름사거리),2,30,일반,2023,경기도남부경찰청,031-888-3952,2025-09-08
분당수내2-D-1,경기도,성남시,기타,,내정로,3,경기도 성남시 분당구 수내동 53,37.371531,127.122101,돌고래재래시장앞,4,0,일반,2008,경기도 성남시청,031-729-8743,2025-11-11
J0571,경기도,성남시,시도,,판교대장로,3,경기도 성남시 분당구 대장동 619,37.3675113,127.0682798,판교풍경채어바니티7단지 앞 어린이보호구역(대장초교)(고기동→서판교터널),2,30,일반,2023,경기도남부경찰청,031-888-3952,2025-09-08
J0575,경기도,성남시,시도,,판교원로82번길,3,경기도 성남시 분당구 운중동 917-13,37.3855166,127.0741815,서판교성당 전 100m지점(운중도서관→서판교터널),2,50,일반,2023,경기도남부경찰청,031-888-3952,2025-09-08
H6294,경기도,성남시,시도,,양현로94번길,3,경기도 성남시 분당구 이매동 121,37.3912467,127.1254189,이매촌5단지 입구 어린이보호구역(안말초)(안말초교→이매촌3단지),2,30,일반,2022,경기도남부경찰청,031-888-3952,2025-09-08
H2850,경기도,성남시,시도,,동판교로,3,경기도 성남시 분당구 백현동 546-6,37.3890946,127.1166548,화랑초등학교 앞 어린이보호구역(판교어린이도서관→보평고교),2,30,일반,2022,경기도남부경찰청,031-888-3952,2025-09-08
H2853,경기도,성남시,시도,,탄천로,3,경기도 성남시 분당구 이매동 152-2,37.4012113,127.1236563,매송초교 입구 삼거리 어린이보호구역(이매고교→탄천종합운동장,2,30,일반,2022,경기도남부경찰청,031-888-3952,2025-09-08
J1558,경기도,용인시,시도,,중부대로,3,경기도 성남시 분당구 수내동 36,37.3757239,127.1197971,"수원CC사거리 1,2차로(강남대역→기흥역)",2,50,일반,2024,경기도남부경찰청,031-888-3952,2025-09-08
J1559,경기도,용인시,시도,,중부대로,3,경기도 성남시 분당구 수내동 36,37.3757239,127.1197971,"수원CC사거리 3,4차로(강남대역→기흥역)",2,50,일반,2024,경기도남부경찰청,031-888-3952,2025-09-08
